doporučení,Skupina_produkt,Název,Čárkód,Prodejní cena Kč,ks 3-4/2025,ks 3-4/2024,ks_měsíc_prům,obrat_měsíc_prům,marže_%,Stav zásoby (8.4.2025),Dodavatel,Členění
jádro,Baterie,GETI alkal. AA LR06 pack 10ks,8595563726969,120.0,4.0,141.0,72.5,895.0,101.0,16.0,"MERTLÍK, spol. s r.o.",Drogerie/Elektro/Mertlík
jádro,Baterie,Tužková bateri AA- Panasonic,5410853045724,8.0,48.0,43.0,45.5,294.0,87.0,245.0,"MERTLÍK, spol. s r.o.",Drogerie/Elektro/Mertlík
jádro,Baterie,Panasonic tužkové LR6 baterie- Gold AA,5410853039945,22.0,70.0,17.0,43.5,786.0,121.0,69.0,"MERTLÍK, spol. s r.o.",Drogerie/Elektro/Mertlík
jádro,Baterie,AAA mikrotužka panasonic LR03,5410853040170,25.0,72.0,14.0,43.0,888.0,151.0,4.0,"MERTLÍK, spol. s r.o.",Drogerie/Elektro/Mertlík
jádro,Baterie,GETI alkal. AAA LR03 pack 10ks,8595563726976,120.0,1.0,80.0,40.5,436.0,122.0,6.0,"MERTLÍK, spol. s r.o.",Drogerie/Elektro/Mertlík
jádro,Baterie,Panasonic CR-2032EP ,5410853043836,45.0,36.0,39.0,37.5,1387.0,269.0,15.0,"MERTLÍK, spol. s r.o.",Drogerie/Elektro/Mertlík
jádro,Baterie,Panasonic mikro tužka AAA R03Z/4P,5410853045731,10.0,13.0,17.0,15.0,116.0,174.0,59.0,"MERTLÍK, spol. s r.o.",Drogerie/Elektro/Mertlík
jádro,Baterie,R14 zinkové baterie,5410853034865,21.0,4.0,23.0,13.5,209.0,78.0,76.0,"MERTLÍK, spol. s r.o.",Drogerie/Elektro/Mertlík
jádro,Baterie,Lithium AA ,7638900262643,74.0,8.0,12.0,10.0,597.0,43.0,2.0,"MERTLÍK, spol. s r.o.",Drogerie/Elektro/Mertlík
jádro,Baterie,GP supercell LR 14 malé,4891199037177,39.0,19.0,0.0,9.5,306.0,48.0,26.0,"MERTLÍK, spol. s r.o.",Drogerie/Elektro/Mertlík
jádro,Baterie,Energizer A23 12V,7638900083057,39.0,11.0,3.0,7.0,226.0,108.0,7.0,"MERTLÍK, spol. s r.o.",Drogerie/Elektro/Mertlík
jádro,Baterie,Panasonic PR312 do naslouchátek,5410853057031,18.0,0.0,12.0,6.0,96.0,63.0,30.0,"MERTLÍK, spol. s r.o.",Drogerie/Elektro/Mertlík
jádro,Baterie,Energizer A76/LR44 jeden kus,7638900083071,25.0,6.0,5.0,5.5,113.0,151.0,12.0,"MERTLÍK, spol. s r.o.",Drogerie/Elektro/Mertlík
jádro,Baterie,Baterie CR2025 3V ,5410853043829,39.0,4.0,7.0,5.5,174.0,226.0,18.0,"MERTLÍK, spol. s r.o.",Drogerie/Elektro/Mertlík
jádro,Baterie,Panasonic tužkové LR6 Evolta,5410853044703,30.0,10.0,0.0,5.0,124.0,109.0,22.0,"MERTLÍK, spol. s r.o.",Drogerie/Elektro/Mertlík
jádro,Baterie,"Zinková baterie GP Greencell 9V (6F22), 1 ks",4891199002205,30.0,3.0,6.0,4.5,112.0,74.0,9.0,EMOS spol. s r.o.,Drogerie/Elektro/Emos
jádro,Baterie,CR 2 - 3 volty lithium,5025232016082,89.0,2.0,5.0,3.5,257.0,93.0,12.0,"MERTLÍK, spol. s r.o.",Drogerie/Elektro/Mertlík
jádro,Elektroinstalační drobný materiál,Bezš. svorka wago 3x4mm s páčkou  221-413 WP3,4055143644907,16.0,35.0,25.0,30.0,397.0,76.0,77.0,"MERTLÍK, spol. s r.o.",Drogerie/Elektro/Mertlík
jádro,Elektroinstalační drobný materiál,"bezš. svorka wago 3x2,5mm 2273-203",4050821027850,6.0,17.0,25.0,21.0,103.0,63.0,68.0,"MERTLÍK, spol. s r.o.",Drogerie/Elektro/Mertlík
jádro,Elektroinstalační drobný materiál,"bezš. svorka wago 4x2,5mm 2273-204",4050821027867,8.0,6.0,34.0,20.0,132.0,70.0,105.0,"MERTLÍK, spol. s r.o.",Drogerie/Elektro/Mertlík
jádro,Elektroinstalační drobný materiál,Pojistka přístrojová různé hodnoty malá,1000000008449,9.0,30.0,3.0,16.5,123.0,128.0,107.0,"MERTLÍK, spol. s r.o.",Drogerie/Elektro/Mertlík
jádro,Elektroinstalační drobný materiál,PŘÍMÁ bezš svorka WAGO 2X4mm s páčkou 221-2411,4066966102666,19.0,12.0,20.0,16.0,251.0,71.0,95.0,"MERTLÍK, spol. s r.o.",Drogerie/Elektro/Mertlík
jádro,Elektroinstalační drobný materiál,bezš. svorka wago 2x4mm s páčkou  221-412 WP2,4055143644716,13.0,0.0,30.0,15.0,161.0,60.0,29.0,"MERTLÍK, spol. s r.o.",Drogerie/Elektro/Mertlík
jádro,Elektroinstalační drobný materiál,"zdíř. L973- 100 6,3mm Faston auto  03360089 samice",8595118845541,2.0,28.0,0.0,14.0,23.0,174.0,0.0,"MERTLÍK, spol. s r.o.",Drogerie/Elektro/Mertlík
jádro,Elektroinstalační drobný materiál,Inst.Krabice univerzál.UK1 krabice +  KU 68/2-1901 vysoká,8584128185846,8.0,12.0,9.0,10.5,69.0,69.0,30.0,"MERTLÍK, spol. s r.o.",Drogerie/Elektro/Mertlík
jádro,Elektroinstalační drobný materiál,Vidlice úhlová bílá 5536-2154,8595017214202,53.0,10.0,4.0,7.0,298.0,47.0,5.0,"MERTLÍK, spol. s r.o.",Drogerie/Elektro/Mertlík
jádro,Elektroinstalační drobný materiál,Pojistka 16A,3838895000143,25.0,5.0,7.0,6.0,112.0,82.0,23.0,"MERTLÍK, spol. s r.o.",Drogerie/Elektro/Mertlík
jádro,Elektroinstalační drobný materiál,Vidlice gumová černá IP44,3245060504458,109.0,7.0,5.0,6.0,510.0,54.0,5.0,"MERTLÍK, spol. s r.o.",Drogerie/Elektro/Mertlík
jádro,Elektroinstalační drobný materiál,bezš. svorka wago 5x4 s páčkou 221-415,4055143234658,20.0,10.0,0.0,5.0,83.0,54.0,35.0,"MERTLÍK, spol. s r.o.",Drogerie/Elektro/Mertlík
jádro,Elektroinstalační drobný materiál,Krabice do sádrokartonu  ŽLUTÁ,8595568929709,40.0,6.0,3.0,4.5,149.0,41.0,26.0,"MERTLÍK, spol. s r.o.",Drogerie/Elektro/Mertlík
jádro,Elektroinstalační drobný materiál,lišta 17*17 vkládací 2m,8595057616530,66.0,8.0,1.0,4.5,244.0,48.0,3.0,"MERTLÍK, spol. s r.o.",Drogerie/Elektro/Mertlík
jádro,Elektroinstalační drobný materiál,Svorkovnice 10 čokoláda,5905339264336,35.0,5.0,4.0,4.5,130.0,51.0,3.0,"MERTLÍK, spol. s r.o.",Drogerie/Elektro/Mertlík
jádro,Elektroinstalační drobný materiál,Vidlička lomená černá 5536-2159N,8595017292835,55.0,3.0,6.0,4.5,197.0,48.0,4.0,"MERTLÍK, spol. s r.o.",Drogerie/Elektro/Mertlík
jádro,Elektroinstalační drobný materiál,"inst.Spína.3553-01289 B1 jednopól. spínač Classic, řazení 1, bílý ",8595017203329 ,91.0,6.0,3.0,4.5,336.0,42.0,6.0,"MERTLÍK, spol. s r.o.",Drogerie/Elektro/Mertlík
jádro,Elektroinstalační drobný materiál,Vidl. 32Ax5 INV 3253,8585007343302,249.0,4.0,4.0,4.0,740.0,83.0,4.0,"MERTLÍK, spol. s r.o.",Drogerie/Elektro/Mertlík
jádro,Elektroinstalační drobný materiál,vidlice tympol s ouškem,5907736500772,45.0,0.0,8.0,4.0,141.0,71.0,1.0,"MERTLÍK, spol. s r.o.",Drogerie/Elektro/Mertlík
jádro,Elektroinstalační drobný materiál,"zásuvka spojovací GN- 171, bílá",5907570002722,65.0,2.0,6.0,4.0,201.0,53.0,0.0,"MERTLÍK, spol. s r.o.",Drogerie/Elektro/Mertlík
jádro,Elektroinstalační drobný materiál,"Gumová zásuvka černá IP40, 1 ks",3245060504465,137.8,3.0,5.0,4.0,435.0,47.0,12.0,"MERTLÍK, spol. s r.o.",Drogerie/Elektro/Mertlík
jádro,Elektroinstalační drobný materiál,"Svorkovnice 2,5 čokoláda",5905339264305,22.0,6.0,1.0,3.5,63.0,52.0,10.0,"MERTLÍK, spol. s r.o.",Drogerie/Elektro/Mertlík
jádro,Elektroinstalační drobný materiál,strojek 01,1000000008234,61.0,1.0,5.0,3.0,147.0,40.0,7.0,"MERTLÍK, spol. s r.o.",Drogerie/Elektro/Mertlík
jádro,Elektroinstalační drobný materiál,Inst.Spínač 3558 strojek spínače 6-tango schodiště,8595017207495 ,167.0,0.0,6.0,3.0,414.0,47.0,0.0,"MERTLÍK, spol. s r.o.",Drogerie/Elektro/Mertlík
jádro,Elektroinstalační drobný materiál,"Flexo šňůra PVC 2x 0,75mm2 s vypínačem, 2m, černá",8595025321329,73.3,0.0,6.0,3.0,216.0,19.0,2.0,EMOS spol. s r.o.,Drogerie/Elektro/Emos
jádro,Hubení škůdců,Feroset tetra - destičky na moučné moli,8594003330100,16.0,2.0,13.0,7.5,88.0,53.0,101.0,Solvent ČR s.r.o.,Drogerie/Drogerie/PKS
jádro,Hubení škůdců,"Pastička na myši,dřevo Turek",8594021250978,16.0,10.0,4.0,7.0,93.0,94.0,101.0,Petr Turek,Drogerie/Drogerie/Turek
jádro,Hubení škůdců,Molitan SOFT PRO 11 cm náhradní váleček,9002588224701,20.0,7.0,6.0,6.5,106.0,64.0,15.0,Schuller Eh'klar s.r.o.,Drogerie/Technické/Schuller
jádro,Hubení škůdců,Ecostripe mucholapka classic,8594021250565,7.0,0.0,7.0,3.5,20.0,71.0,78.0,Solvent ČR s.r.o.,Drogerie/Drogerie/PKS
jádro,Hubení škůdců,Lepinox Plus 3x10g ,8594028060105,169.0,0.0,7.0,3.5,576.0,25.0,0.0,BIOM s.r.o.,Drogerie/Drogerie/Biom
jádro,Hubení škůdců,Pastička na myši kovová POZINK,8594021251388,22.0,1.0,6.0,3.5,63.0,56.0,14.0,Petr Turek,Drogerie/Drogerie/Turek
jádro,Hubení škůdců,Ratimor granule Bromadiolon 150g,3830050609048,42.0,4.0,3.0,3.5,121.0,46.0,12.0,"BARVY A LAKY HOSTIVAŘ, a.s.",Drogerie/Drogerie/BAL
jádro,Hubení škůdců,Ratimor měkká nástraha 150gr sáček,3830050607891,85.0,4.0,3.0,3.5,246.0,53.0,15.0,ZC s.r.o.,Drogerie/Drogerie/ZC
jádro,Hubení škůdců,PAST na myši s návnadou po kuse,8594053180014,35.0,2.0,4.0,3.0,87.0,52.0,17.0,"M.A.T. Group, s.r.o.",Drogerie/Drogerie/MAT
jádro,Lepicí a maskovací pásky,páska 50m do 90C 25mm TX,9783598216336,59.0,0.0,144.0,72.0,3160.0,144.0,0.0,TAPEX EU s.r.o.,Drogerie/Technické/Tapex
jádro,Lepicí a maskovací pásky,páska 50m do 60C 48mm  2DNY TX,1000000360097,63.0,21.0,0.0,10.5,536.0,141.0,23.0,TAPEX EU s.r.o.,Drogerie/Technické/Tapex
jádro,Lepicí a maskovací pásky,"Solight izolační páska, 15mm x 0,13mm x 10m, černá",5906194000961,12.0,17.0,3.0,10.0,92.0,88.0,23.0,"Solight Holding, s.r.o.",Drogerie/Elektro/Solight
jádro,Lepicí a maskovací pásky,páska 50m do 60C 30mm 2DNY  TX,1000000079807,39.0,11.0,7.0,9.0,282.0,141.0,24.0,TAPEX EU s.r.o.,Drogerie/Technické/Tapex
jádro,Lepicí a maskovací pásky,páska 50m do 60C 25mm 2DNY  TX,1000000010220,37.0,6.0,10.0,8.0,243.0,143.0,48.0,TAPEX EU s.r.o.,Drogerie/Technické/Tapex
jádro,Lepicí a maskovací pásky,Maskovací krepová páska 60°C 50mmx50m RL,8595100102492,76.0,0.0,14.0,7.0,430.0,51.0,0.0,Den Braven Czech and Slovak a.s.,Drogerie/Technické/DEN BRAVEN
jádro,Lepicí a maskovací pásky,páska 50m do 60C 38mm  2DNY TX,1000000009811,56.0,12.0,0.0,6.0,278.0,160.0,20.0,TAPEX EU s.r.o.,Drogerie/Technické/Tapex
jádro,Lepicí a maskovací pásky,"PÁSKA TEFLONOVÁ 0,1X12MM 10M",2000000002439,22.0,5.0,7.0,6.0,108.0,167.0,12.0,"TRIKER, a.s.",Drogerie/Voda/Triker
jádro,Lepicí a maskovací pásky,"Solight izolační páska, 25mm x 0,13mm x 10m, černá",5906194001913,22.0,7.0,5.0,6.0,107.0,105.0,11.0,"Solight Holding, s.r.o.",Drogerie/Elektro/Solight
jádro,Lepicí a maskovací pásky,balící páska BOC 48mm/66m,9002588457291,55.0,2.0,9.0,5.5,247.0,44.0,8.0,Schuller Eh'klar s.r.o.,Drogerie/Technické/Schuller
jádro,Lepicí a maskovací pásky,Lepící páska 50x50  univerzální Duck tapex TX,2000000096353,145.0,8.0,1.0,4.5,453.0,101.0,4.0,TAPEX EU s.r.o.,Drogerie/Technické/Tapex
jádro,Lepicí a maskovací pásky,Izolační páska hnědá,5906194000947,12.0,5.0,3.0,4.0,40.0,76.0,11.0,"MERTLÍK, spol. s r.o.",Drogerie/Elektro/Mertlík
jádro,Lepicí a maskovací pásky,"Pásky vázací, 300 x 4,8 mm, 50 ks, bílá",8590804042419,59.0,7.0,1.0,4.0,195.0,107.0,5.0,EURO NÁŘADÍ s.r.o.,Drogerie/Technické/Euronářadí
jádro,Lepicí a maskovací pásky,"Pásky vázací, 200 x 3,6 mm, 50 ks, černá (123951)",8590804015826,43.0,3.0,4.0,3.5,124.0,192.0,9.0,EURO NÁŘADÍ s.r.o.,Drogerie/Technické/Euronářadí
jádro,Lepicí a maskovací pásky,"Pásky vázací, 500 x 7,6 mm, 50ks, bílá",8590804042457,149.0,6.0,1.0,3.5,435.0,73.0,9.0,EURO NÁŘADÍ s.r.o.,Drogerie/Technické/Euronářadí
jádro,Lepicí a maskovací pásky,TX páska fasádní oranžová bez UV 50m 50mm ,1000000009842,175.0,5.0,2.0,3.5,473.0,171.0,22.0,TAPEX EU s.r.o.,Drogerie/Technické/Tapex
jádro,Lepicí a maskovací pásky,"Solight izolační páska, 15mm x 0,13mm x 10m, červená",5906194000923,12.0,7.0,0.0,3.5,34.0,76.0,5.0,"Solight Holding, s.r.o.",Drogerie/Elektro/Solight
jádro,Lepicí a maskovací pásky,"Páska X-WAY pro 48mm, 10m stříbrná",9002588457796,57.0,2.0,4.0,3.0,139.0,52.0,2.0,Schuller Eh'klar s.r.o.,Drogerie/Technické/Schuller
jádro,Lepicí a maskovací pásky,"Pásky vázací, 300 x 4,8 mm, 50ks, černá",8590804042341,59.0,6.0,0.0,3.0,146.0,112.0,1.0,EURO NÁŘADÍ s.r.o.,Drogerie/Technické/Euronářadí
jádro,Lepicí a maskovací pásky,Lepicí páska / Izolepa 48mmx66 Transparent CZ-SK-HU-SI,8595100123923,39.0,0.0,6.0,3.0,97.0,130.0,0.0,Den Braven Czech and Slovak a.s.,Drogerie/Technické/DEN BRAVEN
jádro,"Lepidla, tmely, silikony, PU pěny",MAMUT GLUE (High tack) 290ml bílý,8595100116659,199.0,29.0,23.0,26.0,4212.0,46.0,15.0,Den Braven Czech and Slovak a.s.,Drogerie/Technické/DEN BRAVEN
jádro,"Lepidla, tmely, silikony, PU pěny",Univerzální silikon 280ml transparent SL,8595100110893,149.0,6.0,11.0,8.5,1028.0,87.0,9.0,Den Braven Czech and Slovak a.s.,Drogerie/Technické/DEN BRAVEN
jádro,"Lepidla, tmely, silikony, PU pěny",Pattex pěna 500ml control+ 1+1,9000101134209,169.0,6.0,6.0,6.0,455.0,366.0,8.0,Solvent ČR s.r.o.,Drogerie/Technické/PKS
jádro,"Lepidla, tmely, silikony, PU pěny",MAMUT GLUE (High tack) 290ml černý,8595100120083,199.0,5.0,6.0,5.5,891.0,42.0,10.0,Den Braven Czech and Slovak a.s.,Drogerie/Technické/DEN BRAVEN
jádro,"Lepidla, tmely, silikony, PU pěny",Brous. tmel na dř. 250 g - smrk RL,8595100111821,62.0,5.0,5.0,5.0,247.0,60.0,6.0,Den Braven Czech and Slovak a.s.,Drogerie/Technické/DEN BRAVEN
jádro,"Lepidla, tmely, silikony, PU pěny",Mamut glue 25ml bílá,8595100126870,75.0,6.0,4.0,5.0,304.0,48.0,6.0,Den Braven Czech and Slovak a.s.,Drogerie/Technické/DEN BRAVEN
jádro,"Lepidla, tmely, silikony, PU pěny",Akryl Exteriér 310ml bílý,8595100108234,95.0,6.0,3.0,4.5,342.0,69.0,6.0,Den Braven Czech and Slovak a.s.,Drogerie/Technické/DEN BRAVEN
jádro,"Lepidla, tmely, silikony, PU pěny",Sanitární silikon 280ml bílý SL,8595100109781,159.0,7.0,2.0,4.5,591.0,83.0,13.0,Den Braven Czech and Slovak a.s.,Drogerie/Technické/DEN BRAVEN
jádro,"Lepidla, tmely, silikony, PU pěny",Nízkoexpanzní pěna pistolová 750ml Green Line,8595100159335,179.0,5.0,4.0,4.5,645.0,79.0,10.0,Den Braven Czech and Slovak a.s.,Drogerie/Technické/DEN BRAVEN
jádro,"Lepidla, tmely, silikony, PU pěny",Aplikační špička  na kartuše 5ks PERDIX,8591256049322,44.0,7.0,1.0,4.0,144.0,76.0,0.0,DISTRIMO s.r.o.,Drogerie/Technické/Distrimo
jádro,"Lepidla, tmely, silikony, PU pěny","Tmel 250 skelné vlákno,750g",5203473250629,229.0,4.0,4.0,4.0,721.0,59.0,2.0,"BODY COLOR, s.r.o.",Drogerie/Technické/BODY
jádro,"Lepidla, tmely, silikony, PU pěny",Montážní pěna trubičková 750ml SL NEW,8595100105707,169.0,5.0,3.0,4.0,559.0,74.0,16.0,Den Braven Czech and Slovak a.s.,Drogerie/Technické/DEN BRAVEN
jádro,"Lepidla, tmely, silikony, PU pěny",MAMUT GLUE CRYSTAL 290ml transparent,8595100145369,235.0,4.0,4.0,4.0,748.0,61.0,3.0,Den Braven Czech and Slovak a.s.,Drogerie/Technické/DEN BRAVEN
jádro,"Lepidla, tmely, silikony, PU pěny",MAMUT GLUE MULTI 290ml šedý,8595100155603,221.0,2.0,6.0,4.0,701.0,47.0,9.0,Den Braven Czech and Slovak a.s.,Drogerie/Technické/DEN BRAVEN
jádro,"Lepidla, tmely, silikony, PU pěny",Těsnící guma K profil 9mmx6m hnědý,8595100141361,93.0,7.0,0.0,3.5,261.0,70.0,-1.0,Den Braven Czech and Slovak a.s.,Drogerie/Technické/DEN BRAVEN
jádro,"Lepidla, tmely, silikony, PU pěny",Lehčený brousitelný tmel QUALY FILL 500ml,8595100153166,149.0,2.0,5.0,3.5,417.0,50.0,3.0,Den Braven Czech and Slovak a.s.,Drogerie/Technické/DEN BRAVEN
jádro,"Lepidla, tmely, silikony, PU pěny",Akrylový tmel 310ml bílý RL,8711595025959,73.0,0.0,7.0,3.5,203.0,85.0,6.0,Den Braven Czech and Slovak a.s.,Drogerie/Technické/DEN BRAVEN
jádro,"Lepidla, tmely, silikony, PU pěny",Akrylový štukový tmel 310ml bílý RL,8711595028707,125.0,3.0,4.0,3.5,362.0,87.0,10.0,Den Braven Czech and Slovak a.s.,Drogerie/Technické/DEN BRAVEN
jádro,"Lepidla, tmely, silikony, PU pěny",Sanitární silikon 280ml transparetní SL,8595100109774,159.0,2.0,5.0,3.5,460.0,74.0,2.0,Den Braven Czech and Slovak a.s.,Drogerie/Technické/DEN BRAVEN
jádro,"Lepidla, tmely, silikony, PU pěny",Loctite gel vteřinové 2 gr,9000100223386,59.0,5.0,2.0,3.5,171.0,39.0,6.0,Petr Zachař,Drogerie/Technické/Zachař
jádro,"Lepidla, tmely, silikony, PU pěny",MAMUT GLUE TOTAL 290ml white,8595100145352,249.0,2.0,5.0,3.5,710.0,56.0,5.0,Den Braven Czech and Slovak a.s.,Drogerie/Technické/DEN BRAVEN
jádro,"Lepidla, tmely, silikony, PU pěny",Lepidlo ve spreji na bázi butylu 400ml,8595100159410,289.0,6.0,1.0,3.5,830.0,72.0,8.0,Den Braven Czech and Slovak a.s.,Drogerie/Technické/DEN BRAVEN
jádro,"Lepidla, tmely, silikony, PU pěny",Těsnící guma D profil 9mmx6m HNĚDÁ,8595100141408,99.0,3.0,3.0,3.0,237.0,56.0,-2.0,Den Braven Czech and Slovak a.s.,Drogerie/Technické/DEN BRAVEN
jádro,"Lepidla, tmely, silikony, PU pěny",LEPIDLO PVC NOVOLEP 130ML (TUBA),8585043210507,69.0,3.0,3.0,3.0,171.0,50.0,6.0,"TRIKER, a.s.",Drogerie/Voda/Triker
jádro,"Lepidla, tmely, silikony, PU pěny",Akvaristické lepidlo 280ml transp. RL CZ-SK-HU,8711595025997,152.0,2.0,4.0,3.0,612.0,12.0,0.0,Den Braven Czech and Slovak a.s.,Drogerie/Technické/DEN BRAVEN
jádro,"Lepidla, tmely, silikony, PU pěny",Montážní pěna trubičková 750ml Green line,8595100132826,149.0,4.0,2.0,3.0,366.0,74.0,14.0,Den Braven Czech and Slovak a.s.,Drogerie/Technické/DEN BRAVEN
jádro,"Lepidla, tmely, silikony, PU pěny",Loctite Super Bond 3 g ,9000100072441,53.0,3.0,3.0,3.0,131.0,54.0,12.0,Petr Zachař,Drogerie/Technické/Zachař
jádro,"Lepidla, tmely, silikony, PU pěny",Herkules - univerzální disperzní lepidlo 130 gr,8594825008553,63.0,3.0,3.0,3.0,156.0,67.0,3.0,Solvent ČR s.r.o.,Drogerie/Technické/PKS
jádro,"Lepidla, tmely, silikony, PU pěny",Chemporén Transparent 50 ml,8585000341022,75.0,3.0,3.0,3.0,203.0,33.0,8.0,Solvent ČR s.r.o.,Drogerie/Technické/PKS
jádro,"Lepidla, tmely, silikony, PU pěny",Mamut Glue CLEAR UV Exteriér 290 ml,8595100174963,259.0,6.0,0.0,3.0,642.0,54.0,11.0,Den Braven Czech and Slovak a.s.,Drogerie/Technické/DEN BRAVEN
jádro,"Malířské potřeby (štětce, válečky, fólie, brusivo)",Folie 4x5m TARGET zakrývací ,9002588458007,25.0,22.0,104.0,63.0,1197.0,72.0,51.0,Schuller Eh'klar s.r.o.,Drogerie/Technické/Schuller
jádro,"Malířské potřeby (štětce, válečky, fólie, brusivo)",Nopová folie 400g 1m/20m,8595100132239,49.0,28.0,15.5,21.8,836.0,149.0,0.0,Den Braven Czech and Slovak a.s.,Drogerie/Technické/DEN BRAVEN
jádro,"Malířské potřeby (štětce, válečky, fólie, brusivo)","Nopová folie 400g 0,5m/20m",8595100132413,26.0,37.0,0.0,18.5,398.0,154.0,0.0,Den Braven Czech and Slovak a.s.,Drogerie/Technické/DEN BRAVEN
jádro,"Malířské potřeby (štětce, válečky, fólie, brusivo)","Zakrývací plachta 4x12,5 M ",9002588458021,55.0,0.0,32.0,16.0,659.0,58.0,0.0,Schuller Eh'klar s.r.o.,Drogerie/Technické/Schuller
jádro,"Malířské potřeby (štětce, válečky, fólie, brusivo)",Brusné plátno 80,9002588657073,17.0,5.0,25.0,15.0,208.0,53.0,7.0,Schuller Eh'klar s.r.o.,Drogerie/Technické/Schuller
jádro,"Malířské potřeby (štětce, válečky, fólie, brusivo)",Štětec plochý TOP Q 40 mm žlutý ,9002588723433,31.0,9.0,20.0,14.5,365.0,82.0,9.0,Schuller Eh'klar s.r.o.,Drogerie/Technické/Schuller
jádro,"Malířské potřeby (štětce, válečky, fólie, brusivo)","Nopová folie 400g 1,5m/20m",8595100132246,69.0,0.0,26.0,13.0,713.0,-89.0,0.0,Den Braven Czech and Slovak a.s.,Drogerie/Technické/DEN BRAVEN
jádro,"Malířské potřeby (štětce, válečky, fólie, brusivo)",Štětec plochý TOP Q 50 mm žlutý ,9002588723440,43.0,9.0,13.0,11.0,386.0,83.0,10.0,Schuller Eh'klar s.r.o.,Drogerie/Technické/Schuller
jádro,"Malířské potřeby (štětce, válečky, fólie, brusivo)",Brusné plátno č.120,9002588657097,17.0,6.0,16.0,11.0,152.0,53.0,139.0,Schuller Eh'klar s.r.o.,Drogerie/Technické/Schuller
jádro,"Malířské potřeby (štětce, válečky, fólie, brusivo)",Brusný papír 600 pod vodu,9002588650197,15.0,17.0,4.0,10.5,128.0,96.0,13.0,Schuller Eh'klar s.r.o.,Drogerie/Technické/Schuller
jádro,"Malířské potřeby (štětce, válečky, fólie, brusivo)",Brusný papír 800 pod vodu,9002588650203,15.0,14.0,5.0,9.5,115.0,96.0,12.0,Schuller Eh'klar s.r.o.,Drogerie/Technické/Schuller
jádro,"Malířské potřeby (štětce, válečky, fólie, brusivo)",Váleček velvet 10cm,9002588200408,22.0,5.0,14.0,9.5,161.0,65.0,8.0,Schuller Eh'klar s.r.o.,Drogerie/Technické/Schuller
jádro,"Malířské potřeby (štětce, válečky, fólie, brusivo)",Brusné plátno 60,9002588657066,17.0,12.0,6.0,9.0,109.0,53.0,26.0,Schuller Eh'klar s.r.o.,Drogerie/Technické/Schuller
jádro,"Malířské potřeby (štětce, válečky, fólie, brusivo)",Folie okenní 3ks 240x184mm zvířata,8592001361126,47.0,0.0,18.0,9.0,102.0,45.0,3.0,Solvent ČR s.r.o.,Drogerie/Drogerie/PKS
jádro,"Malířské potřeby (štětce, válečky, fólie, brusivo)",Umělecký štětec 14,9002588750262,25.0,12.0,5.0,8.5,174.0,70.0,11.0,Schuller Eh'klar s.r.o.,Drogerie/Technické/Schuller
jádro,"Malířské potřeby (štětce, válečky, fólie, brusivo)",Štětec plochý TOP Q 30 mm žlutý ,9002588723426,28.0,2.0,15.0,8.5,193.0,84.0,3.0,Schuller Eh'klar s.r.o.,Drogerie/Technické/Schuller
jádro,"Malířské potřeby (štětce, válečky, fólie, brusivo)",Brusné plátno 40,9002588657042,17.0,5.0,11.0,8.0,101.0,53.0,46.0,Schuller Eh'klar s.r.o.,Drogerie/Technické/Schuller
jádro,"Malířské potřeby (štětce, válečky, fólie, brusivo)",Brusný papír 5xK40-400 1ks,9002588634500,10.0,16.0,0.0,8.0,66.0,71.0,25.0,Schuller Eh'klar s.r.o.,Drogerie/Technické/Schuller
jádro,"Malířské potřeby (štětce, válečky, fólie, brusivo)",Brusné plátno 100,9002588657080,17.0,7.0,9.0,8.0,112.0,53.0,109.0,Schuller Eh'klar s.r.o.,Drogerie/Technické/Schuller
jádro,"Malířské potřeby (štětce, válečky, fólie, brusivo)",Brusné plátno 180,9002588657110,17.0,13.0,2.0,7.5,104.0,53.0,75.0,Schuller Eh'klar s.r.o.,Drogerie/Technické/Schuller
jádro,"Malířské potřeby (štětce, válečky, fólie, brusivo)",Váleček polyamid 100 mm ,9002588212104,24.0,7.0,8.0,7.5,138.0,56.0,1.0,Schuller Eh'klar s.r.o.,Drogerie/Technické/Schuller
jádro,"Malířské potřeby (štětce, válečky, fólie, brusivo)",Folie 4x5m zakrývací  Bal.,8591235040821,25.0,0.0,14.0,7.0,143.0,158.0,0.0,"BARVY A LAKY HOSTIVAŘ, a.s.",Drogerie/Technické/BAL
jádro,"Malířské potřeby (štětce, válečky, fólie, brusivo)",Waterproof P 2000 - brusný papír pod vodu arch,1000000008142,15.0,9.0,5.0,7.0,87.0,95.0,44.0,"BODY COLOR, s.r.o.",Drogerie/Technické/BODY
jádro,"Malířské potřeby (štětce, válečky, fólie, brusivo)","Fólie zakrývací HDPE 4x5m, 0,010mm, skládaná",4013307101499,49.0,13.0,0.0,6.5,258.0,153.0,34.0,Ciret s.r.o.,Drogerie/Technické/Ciret
jádro,"Malířské potřeby (štětce, válečky, fólie, brusivo)",brusný papír 175 zrnitost 80,9002588644073,12.0,4.0,8.0,6.0,58.0,119.0,57.0,Schuller Eh'klar s.r.o.,Drogerie/Technické/Schuller
jádro,"Malířské potřeby (štětce, válečky, fólie, brusivo)",Váleček nylon 6cm,8584013191501,18.0,8.0,4.0,6.0,86.0,69.0,-15.0,Schuller Eh'klar s.r.o.,Drogerie/Technické/Schuller
jádro,"Malířské potřeby (štětce, válečky, fólie, brusivo)",váleček šedo-černý 10cm,8584013251007,23.0,6.0,6.0,6.0,112.0,74.0,8.0,Schuller Eh'klar s.r.o.,Drogerie/Technické/Schuller
jádro,"Malířské potřeby (štětce, válečky, fólie, brusivo)",Vanička  na barvu velká 32x33 cm,9002588405001,71.0,7.0,5.0,6.0,340.0,70.0,5.0,Schuller Eh'klar s.r.o.,Drogerie/Technické/Schuller
jádro,"Malířské potřeby (štětce, válečky, fólie, brusivo)",Stírací mřížka DROP 27x29 cm,9002588404301,39.0,6.0,6.0,6.0,161.0,58.0,8.0,Schuller Eh'klar s.r.o.,Drogerie/Technické/Schuller
jádro,"Malířské potřeby (štětce, válečky, fólie, brusivo)",Štětec plochý TOP Q 20 mm žlutý ,9002588723419,25.0,8.0,4.0,6.0,123.0,85.0,5.0,Schuller Eh'klar s.r.o.,Drogerie/Technické/Schuller
jádro,"Malířské potřeby (štětce, válečky, fólie, brusivo)",Štětec umělec. č. 8,9002588750231,21.0,3.0,8.0,5.5,94.0,79.0,5.0,Schuller Eh'klar s.r.o.,Drogerie/Technické/Schuller
jádro,"Malířské potřeby (štětce, válečky, fólie, brusivo)",Špachtle YORK 50MM,8595047700317,65.0,4.0,7.0,5.5,276.0,77.0,1.0,FILÁK ŠENOV s.r.o.,Drogerie/Technické/Filák
jádro,"Malířské potřeby (štětce, válečky, fólie, brusivo)",Štětec plochý TOP Q 60 mm žlutý ,9002588723457,54.0,7.0,4.0,5.5,241.0,82.0,18.0,Schuller Eh'klar s.r.o.,Drogerie/Technické/Schuller
jádro,"Malířské potřeby (štětce, válečky, fólie, brusivo)",Štětec zárohák 2,9002588716848,43.0,5.0,6.0,5.5,191.0,50.0,10.0,Schuller Eh'klar s.r.o.,Drogerie/Technické/Schuller
jádro,"Malířské potřeby (štětce, válečky, fólie, brusivo)",Štetec rozdělený CIRET Malířský ks/ různé druhy,9783598216367,15.0,10.0,0.0,5.0,61.0,458.0,108.0,TĚSNĚNÍ NÝVLT s.r.o.,Drogerie/Technické/Ciret
jádro,"Malířské potřeby (štětce, válečky, fólie, brusivo)",Štětec plochý TOP Q 100 mm žlutý ,9002588723488,78.0,3.0,7.0,5.0,316.0,40.0,6.0,Schuller Eh'klar s.r.o.,Drogerie/Technické/Schuller
jádro,"Malířské potřeby (štětce, válečky, fólie, brusivo)",Štětec plochý TOP Q 80 mm žlutý ,9002588723471,69.0,3.0,7.0,5.0,282.0,66.0,4.0,Schuller Eh'klar s.r.o.,Drogerie/Technické/Schuller
jádro,"Malířské potřeby (štětce, válečky, fólie, brusivo)",Štětec zárohák 1 1/2,9002588716831,38.0,4.0,6.0,5.0,155.0,43.0,9.0,Schuller Eh'klar s.r.o.,Drogerie/Technické/Schuller
jádro,"Malířské potřeby (štětce, válečky, fólie, brusivo)",Thermo válec 25120 šedo černý ,8584013251205,124.0,6.0,4.0,5.0,509.0,48.0,4.0,Schuller Eh'klar s.r.o.,Drogerie/Technické/Schuller
jádro,"Malířské potřeby (štětce, válečky, fólie, brusivo)","Průtažná fólie - ruční (Stretch foil) 50cm 1,9kg 23my 680g (120m)",8595100130020,249.0,1.0,9.0,5.0,1023.0,209.0,17.0,Den Braven Czech and Slovak a.s.,Drogerie/Technické/DEN BRAVEN
jádro,"Malířské potřeby (štětce, válečky, fólie, brusivo)",Štětec obyčejný  35,1000000004366,19.0,4.0,5.0,4.5,71.0,102.0,0.0,Ciret s.r.o.,Drogerie/Technické/Ciret
jádro,"Malířské potřeby (štětce, válečky, fólie, brusivo)",Válec 25cm golden,9002588252469,139.0,3.0,6.0,4.5,511.0,59.0,8.0,Schuller Eh'klar s.r.o.,Drogerie/Technické/Schuller
jádro,"Malířské potřeby (štětce, válečky, fólie, brusivo)",Brusná houba  K60,9002588600369,27.0,3.0,6.0,4.5,100.0,49.0,8.0,Schuller Eh'klar s.r.o.,Drogerie/Technické/Schuller
jádro,"Malířské potřeby (štětce, válečky, fólie, brusivo)",Držadlo GRIP 10/27 cm 6 mm ,9002588225104,33.0,2.0,7.0,4.5,121.0,103.0,15.0,Schuller Eh'klar s.r.o.,Drogerie/Technické/Schuller
jádro,"Malířské potřeby (štětce, válečky, fólie, brusivo)",Mřížka 18 cm ,8584013404120,15.0,1.0,8.0,4.5,56.0,64.0,8.0,Schuller Eh'klar s.r.o.,Drogerie/Technické/Schuller
jádro,"Malířské potřeby (štětce, válečky, fólie, brusivo)",Štětec plochý TOP Q 70 mm žlutý ,9002588723464,59.0,3.0,6.0,4.5,219.0,69.0,5.0,Schuller Eh'klar s.r.o.,Drogerie/Technické/Schuller
jádro,"Malířské potřeby (štětce, válečky, fólie, brusivo)",Brusný papír pod vodu č.220,9002588644127,13.0,4.0,5.0,4.5,48.0,79.0,-10.0,Schuller Eh'klar s.r.o.,Drogerie/Technické/Schuller
jádro,"Malířské potřeby (štětce, válečky, fólie, brusivo)",brusný papír p 400 pod vodu,9002588650173,15.0,0.0,8.0,4.0,47.0,96.0,25.0,Schuller Eh'klar s.r.o.,Drogerie/Technické/Schuller
jádro,"Malířské potřeby (štětce, válečky, fólie, brusivo)",Štětec obyčejný  50,1000000004373,32.0,3.0,5.0,4.0,80.0,241.0,1.0,Ciret s.r.o.,Drogerie/Technické/Ciret
jádro,"Malířské potřeby (štětce, válečky, fólie, brusivo)","Štětec Vala profi vel. 1,5 ",8584013729230,87.0,4.0,4.0,4.0,288.0,53.0,10.0,Schuller Eh'klar s.r.o.,Drogerie/Technické/Schuller
jádro,"Malířské potřeby (štětce, válečky, fólie, brusivo)",Vanička na barvu 15x28cm,9002588404721,22.0,2.0,6.0,4.0,73.0,91.0,4.0,Schuller Eh'klar s.r.o.,Drogerie/Technické/Schuller
jádro,"Malířské potřeby (štětce, válečky, fólie, brusivo)",Štětec zárohák 1,9002588716824,32.0,5.0,3.0,4.0,106.0,41.0,12.0,Schuller Eh'klar s.r.o.,Drogerie/Technické/Schuller
jádro,"Malířské potřeby (štětce, válečky, fólie, brusivo)",Špachtle YORK 60mm,8595047700416,68.0,8.0,0.0,4.0,213.0,81.0,3.0,FILÁK ŠENOV s.r.o.,Drogerie/Technické/Filák
jádro,"Malířské potřeby (štětce, válečky, fólie, brusivo)",Zakrývací fólie 4mx5m (stavební) Super 40µm CZ/SK/PL/HU/SI,4004034605053,99.0,1.0,7.0,4.0,327.0,119.0,9.0,Den Braven Czech and Slovak a.s.,Drogerie/Technické/DEN BRAVEN
jádro,"Malířské potřeby (štětce, válečky, fólie, brusivo)",Japon špachtle čdílná sada SB,9002588501109,55.0,2.0,5.0,3.5,153.0,69.0,1.0,Schuller Eh'klar s.r.o.,Drogerie/Technické/Schuller
jádro,"Malířské potřeby (štětce, válečky, fólie, brusivo)",Štětec natur profi 1 plochý,8584013760011,74.0,3.0,4.0,3.5,214.0,43.0,0.0,Schuller Eh'klar s.r.o.,Drogerie/Technické/Schuller
jádro,"Malířské potřeby (štětce, válečky, fólie, brusivo)",Štětec obyčejný  25,1000000004359 ,15.0,3.0,4.0,3.5,43.0,60.0,0.0,Ciret s.r.o.,Drogerie/Technické/Ciret
jádro,"Malířské potřeby (štětce, válečky, fólie, brusivo)",Štětec umělec. č. 10,9002588750248,21.1,4.0,3.0,3.5,60.0,71.0,4.0,Schuller Eh'klar s.r.o.,Drogerie/Technické/Schuller
jádro,"Malířské potřeby (štětce, válečky, fólie, brusivo)",Waterproof P 1500 - brusný papír pod vodu arch,1000000008135,15.0,4.0,3.0,3.5,43.0,101.0,46.0,"BODY COLOR, s.r.o.",Drogerie/Technické/BODY
jádro,"Malířské potřeby (štětce, válečky, fólie, brusivo)",Body míchací pohár 385ml -300ml,2000000009360,21.0,5.0,2.0,3.5,56.0,46.0,8.0,PPG Deco Czech a.s.,Drogerie/Technické/BODY
jádro,"Malířské potřeby (štětce, válečky, fólie, brusivo)",Houba brusná 100 x 70 x 25 mm hrubost 120,8590804016533,26.0,1.0,6.0,3.5,74.0,98.0,3.0,EURO NÁŘADÍ s.r.o.,Drogerie/Technické/Euronářadí
jádro,"Malířské potřeby (štětce, válečky, fólie, brusivo)",Brusná houba ,9002588600420,27.0,2.0,5.0,3.5,77.0,48.0,4.0,Schuller Eh'klar s.r.o.,Drogerie/Technické/Schuller
jádro,"Malířské potřeby (štětce, válečky, fólie, brusivo)","Štětec plochý 4,0"" - světlá čínská štětina, plastové držadlo",8595026036444,129.0,7.0,0.0,3.5,373.0,46.0,0.0,Ciret s.r.o.,Drogerie/Technické/Ciret
jádro,"Malířské potřeby (štětce, válečky, fólie, brusivo)",Qpower destilovaná voda 5l,8590273703613,70.0,3.0,3.0,3.0,167.0,107.0,5.0,Solvent ČR s.r.o.,Drogerie/Drogerie/PKS
jádro,"Malířské potřeby (štětce, válečky, fólie, brusivo)",Štětec na email O,9002588700502,18.0,3.0,3.0,3.0,45.0,47.0,6.0,Schuller Eh'klar s.r.o.,Drogerie/Technické/Schuller
jádro,"Malířské potřeby (štětce, válečky, fólie, brusivo)","Štětec natur profi 2,5 plochý",8584013760035,137.0,2.0,4.0,3.0,340.0,42.0,3.0,Schuller Eh'klar s.r.o.,Drogerie/Technické/Schuller
jádro,"Malířské potřeby (štětce, válečky, fólie, brusivo)",Štětec plochý TOP Q 30 mm cream,9002588726724,34.0,0.0,6.0,3.0,84.0,48.0,0.0,Schuller Eh'klar s.r.o.,Drogerie/Technické/Schuller
jádro,"Malířské potřeby (štětce, válečky, fólie, brusivo)",Zakrývací folie silná 4x5m 10my,9002588458052,49.0,0.0,6.0,3.0,119.0,79.0,0.0,Schuller Eh'klar s.r.o.,Drogerie/Technické/Schuller
jádro,"Malířské potřeby (štětce, válečky, fólie, brusivo)",body míchací pohár 750ml-600ml,5203473021489,25.0,5.0,1.0,3.0,59.0,43.0,2.0,"BODY COLOR, s.r.o.",Drogerie/Technické/BODY
jádro,"Malířské potřeby (štětce, válečky, fólie, brusivo)",Hladítko pro brusnou mřížku 230 x 90 ,8590804004776,98.0,3.0,3.0,3.0,243.0,70.0,0.0,EURO NÁŘADÍ s.r.o.,Drogerie/Technické/Euronářadí
jádro,"Malířské potřeby (štětce, válečky, fólie, brusivo)",Karosářská špachtle,9002588506043,16.0,2.0,4.0,3.0,40.0,66.0,-2.0,Schuller Eh'klar s.r.o.,Drogerie/Technické/Schuller
jádro,"Malířské potřeby (štětce, válečky, fólie, brusivo)","Mřížka  brusná 93x290 mm, P 120, 3ks",8590804005995,25.0,2.0,4.0,3.0,62.0,80.0,3.0,EURO NÁŘADÍ s.r.o.,Drogerie/Technické/Euronářadí
jádro,"Malířské potřeby (štětce, válečky, fólie, brusivo)","Štětec plochý 2,5"" - světlá čínská štětina, plastové držadlo",8595026036413,72.0,5.0,1.0,3.0,176.0,63.0,6.0,Ciret s.r.o.,Drogerie/Technické/Ciret
jádro,"Malířské potřeby (štětce, válečky, fólie, brusivo)",Osmo vložka vyměnitelná pro vaničku lakovací 25cm,2000000100272,62.0,1.0,5.0,3.0,149.0,32.0,13.0,PROZK s.r.o.,Drogerie/Technické/Osmo
jádro,"Malířské potřeby (štětce, válečky, fólie, brusivo)",Destilovaná voda 10 litr ,8595030521257,142.0,4.0,2.0,3.0,339.0,47.0,2.0,Solvent ČR s.r.o.,Drogerie/Drogerie/PKS
jádro,"Malířské potřeby (štětce, válečky, fólie, brusivo)",Štětec Voďák 30mm,9002588724324,45.0,2.0,4.0,3.0,106.0,46.0,5.0,Schuller Eh'klar s.r.o.,Drogerie/Technické/Schuller
jádro,"Malířské potřeby (štětce, válečky, fólie, brusivo)",Štětec voďák 40mm,9002588724331,58.0,0.0,6.0,3.0,144.0,52.0,7.0,Schuller Eh'klar s.r.o.,Drogerie/Technické/Schuller
jádro,"Malířské potřeby (štětce, válečky, fólie, brusivo)","Štětec zárohák 2,5",9002588716855,52.0,2.0,4.0,3.0,127.0,49.0,11.0,Schuller Eh'klar s.r.o.,Drogerie/Technické/Schuller
jádro,"Malířské potřeby (štětce, válečky, fólie, brusivo)",Váleček na radiátory Nylon 100 mm,9002588200156,22.0,2.0,4.0,3.0,51.0,72.0,13.0,Schuller Eh'klar s.r.o.,Drogerie/Technické/Schuller
jádro,"Malířské potřeby (štětce, válečky, fólie, brusivo)",Váleček na lak 110 mm zaoblený ,9002588224961,23.0,2.0,4.0,3.0,56.0,60.0,9.0,Schuller Eh'klar s.r.o.,Drogerie/Technické/Schuller
jádro,"Malířské potřeby (štětce, válečky, fólie, brusivo)","Fólie zakrývací HDPE 4x12,5m, 0,0045mm, skládaná",4013307318279,55.0,6.0,0.0,3.0,136.0,136.0,23.0,Ciret s.r.o.,Drogerie/Technické/Ciret
jádro,Ochranné pomůcky,"Rukavice pracovní PETRAX, velikost 10",8592229374809,59.0,10.0,6.0,8.0,390.0,57.0,13.0,EURO NÁŘADÍ s.r.o.,Drogerie/Technické/Euronářadí
jádro,Ochranné pomůcky,Rukavice prac. PETRAX vel. 8 pro alergiky ,8592229374793,59.0,6.0,6.0,6.0,287.0,78.0,3.0,EURO NÁŘADÍ s.r.o.,Drogerie/Technické/Euronářadí
jádro,Ochranné pomůcky,"Rukavice profi M,L 1+1",8595599101624,28.0,10.0,0.0,5.0,58.0,139.0,7.0,Petr Turek,Drogerie/Drogerie/Turek
jádro,Ochranné pomůcky,Rukavice ALLSTAR soft vel.9 L SOFT,9002588427522,45.0,7.0,1.0,4.0,149.0,55.0,0.0,Schuller Eh'klar s.r.o.,Drogerie/Technické/Schuller
jádro,Ochranné pomůcky,"Rukavice pracovní PETRAX, vel.11",8592229374816,65.0,4.0,4.0,4.0,210.0,73.0,17.0,EURO NÁŘADÍ s.r.o.,Drogerie/Technické/Euronářadí
jádro,Ochranné pomůcky,Rukavice pracovní PETRAX vel. 9 ,8592229374779,59.0,2.0,6.0,4.0,195.0,56.0,4.0,EURO NÁŘADÍ s.r.o.,Drogerie/Technické/Euronářadí
jádro,Ochranné pomůcky,Rukavice ALLSTAR  vel. 8 M CRINKLE,9002588426419,49.0,3.0,4.0,3.5,142.0,69.0,0.0,Schuller Eh'klar s.r.o.,Drogerie/Technické/Schuller
jádro,Ochranné pomůcky,Zátky do uší,8592229375059,10.0,0.0,6.0,3.0,25.0,175.0,0.0,EURO NÁŘADÍ s.r.o.,Drogerie/Technické/Euronářadí
jádro,Ochranné pomůcky,"Rukavice pracovní GREEN TOUCH, velikost 10",8592390035554,55.0,0.0,6.0,3.0,134.0,56.0,10.0,EURO NÁŘADÍ s.r.o.,Drogerie/Technické/Euronářadí
jádro,Ochranné pomůcky,Špunty do uší  4111 CLASSIC ,8592081004630,23.0,6.0,0.0,3.0,57.0,211.0,1.0,"M.A.T. Group, s.r.o.",Drogerie/Drogerie/MAT
jádro,"Podpalovače, topení, zapalování",Pepo pevný podpalovač 40 ks,8595009210694,35.0,23.0,35.0,29.0,832.0,46.0,38.0,"BARVY A LAKY HOSTIVAŘ, a.s.",Drogerie/Technické/BAL
jádro,"Podpalovače, topení, zapalování",Turbo zapalovače,8594029216204,15.0,2.0,5.0,3.5,43.0,57.0,24.0,JAROMÍR HUTLA - BATTERY CENTER s. r. o.,Drogerie/Elektro/Hutla
jádro,"Podpalovače, topení, zapalování",Pepo dřevitá vlna 32ks,8595009289164,90.0,2.0,4.0,3.0,223.0,44.0,5.0,Solvent ČR s.r.o.,Drogerie/Drogerie/PKS
jádro,"Semena, hnojiva, ochrana rostlin",Semena 2*,1000000008272,23.0,86.0,88.0,87.0,1946.0,42.0,0.0,JHPAP s.r.o.,Drogerie/Drogerie/JHPAP
jádro,"Semena, hnojiva, ochrana rostlin",Semena 4*,1000000008296,42.0,41.0,48.0,44.5,1669.0,44.0,0.0,JHPAP s.r.o.,Drogerie/Drogerie/JHPAP
jádro,"Semena, hnojiva, ochrana rostlin",Semena 1*,1000000008265,19.0,26.0,19.0,22.5,366.0,107.0,8.0,BIOM s.r.o.,Drogerie/Drogerie/Biom
jádro,"Semena, hnojiva, ochrana rostlin",Skalice zelená 1000 gr  Forestina,8595030510220,69.0,2.0,11.0,6.5,362.0,53.0,6.0,Solvent ČR s.r.o.,Drogerie/Drogerie/PKS
jádro,"Semena, hnojiva, ochrana rostlin",Bioseptik 100g,8594163210014,85.0,6.0,5.0,5.5,384.0,47.0,4.0,Radek Sojka,Drogerie/Drogerie/Sojka
jádro,Svíčky a hřbitovní zboží,Hřbitovní patrona malá 120g bílá 2DNY,8595052996392,25.0,6.0,15.0,10.5,201.0,88.0,22.0,Z - TRADE s. r. o.,Drogerie/Drogerie/Z-trade
jádro,Svíčky a hřbitovní zboží,"Hřbitovní náplň patrona střední 180 g 2,5DNE",8595052962991,32.0,12.0,4.0,8.0,206.0,69.0,5.0,Z - TRADE s. r. o.,Drogerie/Drogerie/Z-trade
jádro,Svíčky a hřbitovní zboží,Svíčka theresia 58 hod. červená,8592001003774,26.0,6.0,1.0,3.5,75.0,51.0,27.0,Z - TRADE s. r. o.,Drogerie/Drogerie/Z-trade
jádro,Svíčky a hřbitovní zboží,Madona svíčka 2dny s víčkem,8592001232037,27.0,0.0,6.0,3.0,67.0,49.0,9.0,Z - TRADE s. r. o.,Drogerie/Drogerie/Z-trade
jádro,Svíčky a hřbitovní zboží,"Svíčka theresia 4,5dne",8592001003828,47.0,6.0,0.0,3.0,117.0,39.0,0.0,Z - TRADE s. r. o.,Drogerie/Drogerie/Z-trade
jádro,Vodoinstalace a hadice,Objímka trubková 2- šroub 31- 38 mm,1000000010794,16.0,50.0,0.0,25.0,331.0,90.0,18.0,V A K S T A V spol. s r. o. Jablonné n. Orlicí,Drogerie/Technické/Vakstav
jádro,Vodoinstalace a hadice,Objímka stahovací 20 - 32,1003000009065,10.0,4.0,33.0,18.5,150.0,241.0,7.0,V A K S T A V spol. s r. o. Jablonné n. Orlicí,Drogerie/Voda/Objímky
jádro,Vodoinstalace a hadice,EP PPR KOLENO 90o 20MM,2000000000541,8.0,26.0,3.0,14.5,93.0,88.0,20.0,"TRIKER, a.s.",Drogerie/Voda/Triker
jádro,Vodoinstalace a hadice,Objímka stahovací 12 - 20,1000000009033,8.0,12.0,15.0,13.5,89.0,200.0,11.0,V A K S T A V spol. s r. o. Jablonné n. Orlicí,Drogerie/Voda/Objímky
jádro,Vodoinstalace a hadice,"Objímka trubková 2- šroub 54 - 59mm, 53-57",1000000010763,22.0,25.0,2.0,13.5,245.0,52.0,68.0,V A K S T A V spol. s r. o. Jablonné n. Orlicí,Drogerie/Technické/Vakstav
jádro,Vodoinstalace a hadice,Objímka stahovací 8 -12,2000000000503,8.0,15.0,11.0,13.0,84.0,191.0,69.0,V A K S T A V spol. s r. o. Jablonné n. Orlicí,Drogerie/Voda/Objímky
jádro,Vodoinstalace a hadice,Objímka stahovací 16 - 25,1000000009040,9.0,8.0,17.0,12.5,91.0,237.0,32.0,V A K S T A V spol. s r. o. Jablonné n. Orlicí,Drogerie/Voda/Objímky
jádro,Vodoinstalace a hadice,PŘÍCHYTKA NA POTRUBÍ 25MM,9783598215599,8.0,5.0,16.0,10.5,69.0,97.0,21.0,"TRIKER, a.s.",Drogerie/Voda/Triker
jádro,Vodoinstalace a hadice,Objímka stahovací 32 - 50,1000000009064,10.0,10.0,10.0,10.0,83.0,199.0,44.0,V A K S T A V spol. s r. o. Jablonné n. Orlicí,Drogerie/Voda/Objímky
jádro,Vodoinstalace a hadice,Objímka stahovací 25 - 40,1000000009057,10.0,1.0,18.0,9.5,76.0,294.0,28.0,V A K S T A V spol. s r. o. Jablonné n. Orlicí,Drogerie/Voda/Objímky
jádro,Vodoinstalace a hadice,"EP MS VSUVKA 3/4""",2000000002163,48.0,4.0,13.0,8.5,305.0,61.0,11.0,"TRIKER, a.s.",Drogerie/Voda/Triker
jádro,Vodoinstalace a hadice,TUBEX STANDARD IZOLACE 20X10MM,2000000000671,12.0,8.0,8.0,8.0,73.0,48.0,24.0,"TRIKER, a.s.",Drogerie/Voda/Triker
jádro,Vodoinstalace a hadice,TUBEX STANDARD IZOLACE 20X6MM,2000000000747,9.0,0.0,12.0,6.0,45.0,126.0,14.0,"TRIKER, a.s.",Drogerie/Voda/Triker
jádro,Vodoinstalace a hadice, PŘÍCHYTKA NA POTRUBÍ 20MM_x000D_,9783598215582,8.0,12.0,0.0,6.0,37.0,107.0,48.0,"TRIKER, a.s.",Drogerie/Voda/Triker
jádro,Vodoinstalace a hadice,"PP-RCT TRUBKA EVO 25X2,8X4000MM S 4 cena za    !!1M!!!",8595185401398,60.0,8.0,4.0,6.0,298.0,47.0,28.0,"TRIKER, a.s.",Drogerie/Voda/Triker
jádro,Vodoinstalace a hadice,EP KGEM KANALIZAČNÍ TRUBKA 110/ 500MM,8600198007359,108.0,5.0,6.0,5.5,473.0,90.0,14.0,"TRIKER, a.s.",Drogerie/Voda/Triker
jádro,Vodoinstalace a hadice,Objímka stahovací 10-16,1000000009026,8.0,6.0,5.0,5.5,36.0,224.0,37.0,V A K S T A V spol. s r. o. Jablonné n. Orlicí,Drogerie/Voda/Objímky
jádro,Vodoinstalace a hadice,EP PPR T-KUS REDUKOVANÝ 25 X 20 X 25 MM,2000000000626,15.0,6.0,4.0,5.0,62.0,128.0,20.0,"TRIKER, a.s.",Drogerie/Voda/Triker
jádro,Vodoinstalace a hadice,EP HTEM TRUBKA ODPADNÍ 40/ 250MM,4002644090122,35.0,5.0,5.0,5.0,145.0,128.0,19.0,"TRIKER, a.s.",Drogerie/Voda/Triker
jádro,Vodoinstalace a hadice,EP HTB KOLENO 50MM 45o,8600198009773,24.0,5.0,4.0,4.5,89.0,151.0,9.0,"TRIKER, a.s.",Drogerie/Voda/Triker
jádro,Vodoinstalace a hadice,"SCHELL-ROH.VENTIL 1/2""X 3/8"" BEZ MATKY  (COMFORT)",4021163107579,189.0,0.0,9.0,4.5,664.0,77.0,0.0,"TRIKER, a.s.",Drogerie/Voda/Triker
jádro,Vodoinstalace a hadice,"ND perlátor Raf M24x1na ploché ramínko, vnější závit",2000000002453,45.0,0.0,9.0,4.5,156.0,60.0,47.0,"TRIKER, a.s.",Drogerie/Voda/Triker
jádro,Vodoinstalace a hadice,EP HTEM TRUBKA ODPADNÍ 50/ 250MM,4002644090139,39.0,7.0,1.0,4.0,129.0,138.0,18.0,"TRIKER, a.s.",Drogerie/Voda/Triker
jádro,Vodoinstalace a hadice,Objímka stahovací 80 -100,2000000000121,16.0,4.0,4.0,4.0,50.0,365.0,26.0,PPG Deco Czech a.s.,Drogerie/Voda/Objímky
jádro,Vodoinstalace a hadice,"EP MS REDUKCE 3/4"" X 1/2""",2000000001968,39.0,4.0,3.0,3.5,110.0,85.0,16.0,"TRIKER, a.s.",Drogerie/Voda/Triker
jádro,Vodoinstalace a hadice,EP HTEM TRUBKA ODPADNÍ 50/ 500MM,4052836120205,44.0,7.0,0.0,3.5,127.0,116.0,20.0,"TRIKER, a.s.",Drogerie/Voda/Triker
jádro,Vodoinstalace a hadice,EP KGB KANALIZAČNÍ KOLENO 110MM 87o,8600198021102,85.0,3.0,4.0,3.5,232.0,186.0,11.0,"TRIKER, a.s.",Drogerie/Voda/Triker
jádro,Vodoinstalace a hadice,EP PPR NÁTRUBEK 20MM,2000000000718,12.0,7.0,0.0,3.5,35.0,202.0,21.0,"TRIKER, a.s.",Drogerie/Voda/Triker
jádro,Vodoinstalace a hadice,FV PPR ZÁSLEPKA 20MM,2000000000831,9.0,6.0,1.0,3.5,25.0,120.0,17.0,"TRIKER, a.s.",Drogerie/Voda/Triker
jádro,Vodoinstalace a hadice,"HTEM DN/OD TRUBKA 125 x3,1/ 500MM",4052836160201,124.0,1.0,5.0,3.0,277.0,94.0,0.0,"TRIKER, a.s.",Drogerie/Voda/Triker
jádro,Vodoinstalace a hadice,"EP MS PRODLOUŽENÍ 1/2"" X 10MM",2000000001838,34.0,4.0,2.0,3.0,84.0,122.0,22.0,"TRIKER, a.s.",Drogerie/Voda/Triker
jádro,Vodoinstalace a hadice,"EP HTB KOLENO 40MM 87,5o",8600198009902,21.0,1.0,5.0,3.0,51.0,183.0,20.0,"TRIKER, a.s.",Drogerie/Voda/Triker
jádro,Vodoinstalace a hadice,"EP HTB KOLENO 50MM 87,5o",8600198009919,24.0,5.0,1.0,3.0,59.0,136.0,16.0,"TRIKER, a.s.",Drogerie/Voda/Triker
jádro,Vodoinstalace a hadice,EP KGB KANALIZAČNÍ KOLENO 110MM 45o,8600198021089,72.4,0.0,6.0,3.0,150.0,163.0,10.0,"TRIKER, a.s.",Drogerie/Voda/Triker
jádro,Vodoinstalace a hadice,EP KGEM KANALIZAČNÍ TRUBKA 125/ 500MM,4052836160201,124.0,1.0,5.0,3.0,277.0,94.0,12.0,"TRIKER, a.s.",Drogerie/Voda/Triker
jádro,Vodoinstalace a hadice,EP PPR KOLENO 90o 25MM,2000000000558,16.0,2.0,4.0,3.0,40.0,147.0,37.0,"TRIKER, a.s.",Drogerie/Voda/Triker
jádro,Vodoinstalace a hadice,VENTIL NAPOUŠTĚCÍ ALCAPLAST A150UNI,8595580570637,269.0,0.0,6.0,3.0,667.0,71.0,4.0,"TRIKER, a.s.",Drogerie/Voda/Triker
jádro,Úklid a čisticí prostředky,Osvěžovač vzduchu -různé druhy 1+1 ,8423537015934,29.0,14.0,3.0,8.5,121.0,84.0,27.0,VELKOOBCHOD FAVE s.r.o.,Drogerie/Drogerie/FAVE
jádro,Úklid a čisticí prostředky,Solvina 500g,85939448,24.0,15.0,0.0,7.5,149.0,297.0,26.0,Petr Zachař,Drogerie/Drogerie/Zachař
jádro,Úklid a čisticí prostředky,Praganda 250 gr ,8595005007021,16.0,7.0,7.0,7.0,96.0,70.0,31.0,Solvent ČR s.r.o.,Drogerie/Drogerie/PKS
jádro,Úklid a čisticí prostředky,Domestos Extended Power 2l Pine,5996037079544,59.0,0.0,13.0,6.5,317.0,96.0,0.0,Solvent ČR s.r.o.,Drogerie/Drogerie/PKS
jádro,Úklid a čisticí prostředky,Pytle na odpadky 50ks 70x60 VIGO 60L,5902841470262,39.0,2.0,10.0,6.0,184.0,67.0,5.0,"BARVY A LAKY HOSTIVAŘ, a.s.",Drogerie/Drogerie/BAL
jádro,Úklid a čisticí prostředky,Lopatka Economy 0220712 samostatně,8590786227125,29.0,0.0,12.0,6.0,120.0,88.0,5.0,Petr Turek,Drogerie/Drogerie/Turek
jádro,Úklid a čisticí prostředky,Q PowerBlue blok nádrž WC,8590273703569,39.0,4.0,5.0,4.5,130.0,50.0,5.0,Solvent ČR s.r.o.,Drogerie/Drogerie/PKS
jádro,Úklid a čisticí prostředky,"Savo 1,2l ",8710522604991,67.0,2.0,7.0,4.5,249.0,50.0,16.0,Solvent ČR s.r.o.,Drogerie/Drogerie/PKS
jádro,Úklid a čisticí prostředky,Pytel 170 l-100x125/60mm černé,8594179601257,88.0,3.0,6.0,4.5,327.0,48.0,9.0,Restart Company s.r.o.,Drogerie/Drogerie/Restart
jádro,Úklid a čisticí prostředky,Savo proti plísni 500 ml rozprašovač,8594005390225,99.0,4.0,5.0,4.5,368.0,49.0,4.0,Solvent ČR s.r.o.,Drogerie/Drogerie/PKS
jádro,Úklid a čisticí prostředky,Savo 4kg,8710522605066,196.0,4.0,4.0,4.0,599.0,61.0,2.0,"BARVY A LAKY HOSTIVAŘ, a.s.",Drogerie/Technické/BAL
jádro,Úklid a čisticí prostředky,zamražovací sáčky č.2 Tr,8594179600250,39.0,5.0,3.0,4.0,129.0,61.0,10.0,Restart Company s.r.o.,Drogerie/Drogerie/Restart
jádro,Úklid a čisticí prostředky,Domestos na vodní kámen 750ml LIME,8717644169490,65.0,6.0,1.0,3.5,188.0,63.0,8.0,Solvent ČR s.r.o.,Drogerie/Drogerie/PKS
jádro,Úklid a čisticí prostředky,Hadr podlahový oranžový; 60x70 cm,8595121010509,32.0,4.0,3.0,3.5,93.0,74.0,4.0,VELKOOBCHOD FAVE s.r.o.,Drogerie/Drogerie/FAVE
jádro,Úklid a čisticí prostředky,JAR 900ML CITRON,4015400795193,99.0,6.0,1.0,3.5,274.0,38.0,7.0,Petr Zachař,Drogerie/Drogerie/Zachař
jádro,Úklid a čisticí prostředky,Pytle na odpad120l 25ks Q HOME solvent modré,8590273712837,153.0,2.0,5.0,3.5,405.0,0.0,-3.0,Solvent ČR s.r.o.,Drogerie/Drogerie/PKS
jádro,Úklid a čisticí prostředky,Zamražovací sáčky EXTRA 30x40 40ks/sáč. PK,8594018000838,49.0,0.0,7.0,3.5,142.0,53.0,0.0,Solvent ČR s.r.o.,Drogerie/Drogerie/PKS
jádro,Úklid a čisticí prostředky,Zatahovací pytle EKOZ 60L 10ks,8594179600496,45.0,4.0,3.0,3.5,130.0,67.0,16.0,Restart Company s.r.o.,Drogerie/Drogerie/Restart
jádro,Úklid a čisticí prostředky,Zamražovací sáčky č.4 TR,8594179600281,42.0,3.0,4.0,3.5,121.0,60.0,14.0,Restart Company s.r.o.,Drogerie/Drogerie/Restart
jádro,Úklid a čisticí prostředky,Brus. houba 1 prodl. hrana K180,9002588600413,27.0,2.0,4.0,3.0,65.0,48.0,1.0,Schuller Eh'klar s.r.o.,Drogerie/Technické/Schuller
jádro,Úklid a čisticí prostředky,Cif 500ml- lemon,8712561552776,59.0,3.0,3.0,3.0,141.0,60.0,7.0,Solvent ČR s.r.o.,Drogerie/Drogerie/PKS
jádro,Úklid a čisticí prostředky,Pytle na odpad 35l modré  36ks VIGO,5902841470217,26.0,2.0,4.0,3.0,59.0,38.0,28.0,"BARVY A LAKY HOSTIVAŘ, a.s.",Drogerie/Drogerie/BAL
jádro,Úklid a čisticí prostředky,Pytle na odpad120l 25ks Q HOME solvent černé,8590273712820,153.0,6.0,0.0,3.0,364.0,67.0,0.0,Solvent ČR s.r.o.,Drogerie/Drogerie/PKS
jádro,Úklid a čisticí prostředky,Rejžák dřevěný 57b,8584010252144,39.0,0.0,6.0,3.0,92.0,94.0,3.0,VELKOOBCHOD FAVE s.r.o.,Drogerie/Drogerie/FAVE
jádro,Úklid a čisticí prostředky,SIFON UMYVADLOVÝ EUON 342DN40(1015C)ZÁTKA S OČKEM,8595156224261,148.0,4.0,2.0,3.0,350.0,73.0,3.0,"TRIKER, a.s.",Drogerie/Voda/Triker
jádro,Úklid a čisticí prostředky,Krtek originál čistič odpadů 450g,5901312001028,79.0,5.0,1.0,3.0,204.0,62.0,1.0,Solvent ČR s.r.o.,Drogerie/Drogerie/PKS
jádro,Úklid a čisticí prostředky,Pytel 280L černé,8594179601264,85.0,2.0,4.0,3.0,211.0,47.0,10.0,Restart Company s.r.o.,Drogerie/Drogerie/Restart
jádro,Úklid a čisticí prostředky,Zamražovací sáčky č.3 TR,8594179600274,49.0,6.0,0.0,3.0,121.0,52.0,12.0,Restart Company s.r.o.,Drogerie/Drogerie/Restart
jádro,Žárovky a světelné zdroje,G9 kanlux,5905339184214,39.0,14.0,14.0,14.0,443.0,82.0,11.0,"MERTLÍK, spol. s r.o.",Drogerie/Elektro/Mertlík
jádro,Žárovky a světelné zdroje,žárovka E 27 40 W tes-lamps,8595557031765,20.0,16.0,6.0,11.0,164.0,142.0,23.0,"MERTLÍK, spol. s r.o.",Drogerie/Elektro/Mertlík
jádro,Žárovky a světelné zdroje,Techlamp 60W E27 Mertl.,8595557031772,20.0,18.0,2.0,10.0,153.0,135.0,52.0,"MERTLÍK, spol. s r.o.",Drogerie/Elektro/Mertlík
jádro,Žárovky a světelné zdroje,TECH- LAMP svíčka E14 25W,8595557031864,20.0,3.0,9.0,6.0,99.0,137.0,13.0,"MERTLÍK, spol. s r.o.",Drogerie/Elektro/Mertlík
jádro,Žárovky a světelné zdroje,Svítidlo Strend Pro LUPA 2xAA,8584163069699,119.0,4.0,6.0,5.0,479.0,56.0,15.0,SLOVAKIA TREND EXPORT-IMPORT s. r. o,Drogerie/Drogerie/Strend
jádro,Žárovky a světelné zdroje,"Solight LED žárovka, bodová , 5W, GU10, 3000K, 425lm, bílá",8592718018597,69.0,2.0,8.0,5.0,285.0,207.0,10.0,"Solight Holding, s.r.o.",Drogerie/Elektro/Solight
jádro,Žárovky a světelné zdroje,LEDVANCE led žár. 8W/60W/840 BÍLÁ,4099854049187,89.0,8.0,0.0,4.0,279.0,124.0,0.0,"MERTLÍK, spol. s r.o.",Drogerie/Elektro/Mertlík
jádro,Žárovky a světelné zdroje,TES-LAMP Svíčka  E14 - 40W,8595557035619,20.0,5.0,3.0,4.0,66.0,137.0,9.0,"MERTLÍK, spol. s r.o.",Drogerie/Elektro/Mertlík
jádro,Žárovky a světelné zdroje,"LEDVANCE LED E27 8,5W/warm white/60W 9620",4099854049620,89.0,7.0,0.0,3.5,247.0,124.0,5.0,"MERTLÍK, spol. s r.o.",Drogerie/Elektro/Mertlík
jádro,Žárovky a světelné zdroje,e27 ilum. čirý 40w topný,8595557035664,20.0,6.0,0.0,3.0,50.0,120.0,15.0,"MERTLÍK, spol. s r.o.",Drogerie/Elektro/Mertlík
jádro,Žárovky a světelné zdroje,Reflektor 40w E14,8595557031901,39.0,6.0,0.0,3.0,97.0,128.0,4.0,"MERTLÍK, spol. s r.o.",Drogerie/Elektro/Mertlík
jádro,Žárovky a světelné zdroje,Narva E14 25W 300 C do trub ,8595209975737,36.0,1.0,5.0,3.0,89.0,51.0,1.0,"MERTLÍK, spol. s r.o.",Drogerie/Elektro/Mertlík
ne,Nezařazeno,Body 950 sprey plastizol černý 400ml,5203473510013,169.0,4.0,6.0,5.0,674.0,69.0,6.0,"BODY COLOR, s.r.o.",Drogerie/Technické/BODY
ne,Nezařazeno,Mio 2000 tekutý písek 600 g,8594004376015,55.0,4.0,3.0,3.5,151.0,73.0,6.0,Solvent ČR s.r.o.,Drogerie/Drogerie/PKS
ne,Nezařazeno,Induona Original 85ml,8586017550476,59.0,2.0,4.0,3.0,144.0,73.0,5.0,Petr Turek,Drogerie/Drogerie/Turek
ne,Nezařazeno,LR 44 Varta ,4008496297641,35.0,5.0,1.0,3.0,87.0,174.0,5.0,"MERTLÍK, spol. s r.o.",Drogerie/Elektro/Mertlík
ne,Nezařazeno,Rozprašovač 250ml Petra,8414926389033,45.0,4.0,2.0,3.0,112.0,33.0,0.0,Alpik s.r.o.,Drogerie/Drogerie/Ostatní
ne,Nezařazeno,Stromový balzám,8595030523411,85.0,6.0,0.0,3.0,245.0,122.0,0.0,Solvent ČR s.r.o.,Drogerie/Drogerie/PKS
ne,Nezařazeno,VYSOKÁ TEPLOTA 600°C černá matná ,8595642501203,225.0,1.0,5.0,3.0,558.0,72.0,6.0,PRO-TECH aerosol s.r.o.,Drogerie/Technické/PROTECH spreje
ne,Nezařazeno,Náhradní špička na tekutou kotvu blistr 3 kusy,8595100126788,79.0,2.0,4.0,3.0,159.0,48.0,5.0,Den Braven Czech and Slovak a.s.,Drogerie/Technické/DEN BRAVEN
ne,Nezařazeno,Body 930 sprey bitumen černý  400ml,5203473510327,156.0,3.0,3.0,3.0,387.0,53.0,5.0,"BODY COLOR, s.r.o.",Drogerie/Technické/BODY
ne,"Nátěrové hmoty (barvy, laky, lazury)",Sítko na lak nylon 260my,9002588420004,8.0,6.0,11.0,8.5,55.0,179.0,72.0,Schuller Eh'klar s.r.o.,Drogerie/Technické/Schuller
ne,"Nátěrové hmoty (barvy, laky, lazury)",Olejová kapsle MIX ,8595014711339,11.0,2.0,9.0,5.5,46.0,67.0,127.0,Stanislav Ryšavý,Drogerie/Drogerie/Ryšavý
ne,"Nátěrové hmoty (barvy, laky, lazury)","Bochemit proti plísním, 500 ml, rozprašovač",8595598704055,99.0,11.0,0.0,5.5,442.0,89.0,10.0,PPG Deco Czech a.s.,Drogerie/Vylistovat
ne,"Nátěrové hmoty (barvy, laky, lazury)",Alkyton 250 ml 5010 1+1,8715743006760,265.0,2.0,9.0,5.5,664.0,317.0,15.0,PROZK s.r.o.,Drogerie/Technické/Alkyton
ne,"Nátěrové hmoty (barvy, laky, lazury)","Het Klasik 1,5 kg ",8594002533700,150.0,6.0,3.0,4.5,554.0,53.0,11.0,"BARVY A LAKY HOSTIVAŘ, a.s.",Drogerie/Technické/HET
ne,"Nátěrové hmoty (barvy, laky, lazury)",OSMO vzorek tester,9783598215100,49.0,7.0,0.0,3.5,130.0,36.0,690.0,PROZK s.r.o.,Drogerie/Technické/Osmo
ne,"Nátěrové hmoty (barvy, laky, lazury)",Body tužidlo do tmelů 20 gr ,8003340096308,39.0,6.0,1.0,3.5,111.0,140.0,0.0,"BODY COLOR, s.r.o.",Drogerie/Technické/BODY
ne,"Nátěrové hmoty (barvy, laky, lazury)"," Syntetika vrchní email. universální 0,6L 1110",8581100340361,229.0,7.0,0.0,3.5,662.0,58.0,2.0,"CHEMOLAK TRADE, spol. s r.o.",Drogerie/Technické/Chemolak
ne,"Nátěrové hmoty (barvy, laky, lazury)","Komaprim 3v1 báze extra deep 2,5L",8590627995077,1.0,3.0,4.0,3.5,4436.0,-100.0,2.0,"Akzo Nobel Coatings CZ, a.s.",Drogerie/Technické/Akzo/Míchačka
ne,"Nátěrové hmoty (barvy, laky, lazury)","Dulux classic select woodstain 4,5l",8590627994667,1.0,2.0,4.0,3.0,5189.0,-100.0,6.0,"Akzo Nobel Coatings CZ, a.s.",Drogerie/Technické/Akzo/Míchačka
ne,"Nátěrové hmoty (barvy, laky, lazury)","Luxol ORIGINÁL 0,75L palisandr",5903525485589,199.0,2.0,4.0,3.0,492.0,50.0,11.0,"Akzo Nobel Coatings CZ, a.s.",Drogerie/Technické/Akzo/Hotové/Luxol
ne,Osobní kosmetika,Alpa francovka 160 ml,85911093,54.0,4.0,2.0,3.0,130.0,48.0,5.0,Solvent ČR s.r.o.,Drogerie/Drogerie/PKS
ne,Spreje,EFEKT FLUO-oranžová ,8595642501005,215.0,0.0,36.0,18.0,2879.0,72.0,0.0,PRO-TECH aerosol s.r.o.,Drogerie/Technické/PROTECH spreje
ne,Spreje,Prisma Sprej RAL 9005,9002588910024,119.0,4.0,7.0,5.5,524.0,59.0,6.0,Schuller Eh'klar s.r.o.,Drogerie/Technické/Schuller
ne,Spreje,Prisma Sprej RAL 9005 mat,9002588910048,119.0,4.0,7.0,5.5,531.0,59.0,4.0,Schuller Eh'klar s.r.o.,Drogerie/Technické/Schuller
ne,Spreje,Motip ACRYL PROFI 600ml černá matná,8711347231089,249.0,3.0,6.0,4.5,926.0,73.0,2.0,PROZK s.r.o.,Drogerie/Technické/Motip
ne,Spreje,Prisma sprej  Zink ALU,9002588910703,189.0,7.0,1.0,4.0,617.0,58.0,8.0,Schuller Eh'klar s.r.o.,Drogerie/Technické/Schuller
ne,Spreje,Motip ACRYL PROFI 600ml černá lesklá,8711347231065,249.0,1.0,6.0,3.5,720.0,62.0,3.0,PROZK s.r.o.,Drogerie/Technické/Motip
ne,Spreje,Prisma sprej odolný do 600 C černý,9002588910734,196.0,1.0,5.0,3.0,486.0,64.0,4.0,Schuller Eh'klar s.r.o.,Drogerie/Technické/Schuller
ne,Spreje,Prisma Sprej RAL 9010 Mat,9002588910031,118.9,2.0,4.0,3.0,287.0,59.0,2.0,Schuller Eh'klar s.r.o.,Drogerie/Technické/Schuller
ne,Stavební chemie a sádra,SÁDRA BÍLÁ 3KG,8595030530020,67.0,7.0,7.0,7.0,388.0,55.0,11.0,Solvent ČR s.r.o.,Drogerie/Technické/PKS
ne,Stavební chemie a sádra,SÁDRA ŠEDÁ 3KG,8595030530044,68.0,4.0,5.0,4.5,247.0,59.0,9.0,Solvent ČR s.r.o.,Drogerie/Technické/PKS
ne,Stavební chemie a sádra,Jádrová omítka 2mm 25kg,8595100155405,155.0,0.0,9.0,4.5,536.0,51.0,0.0,Den Braven Czech and Slovak a.s.,Drogerie/Technické/DEN BRAVEN
ne,Stavební chemie a sádra,Lepící a stěrkový tmel FASÁDA UNI 25kg,8595100144676,229.0,8.0,0.0,4.0,757.0,61.0,0.0,Den Braven Czech and Slovak a.s.,Drogerie/Technické/DEN BRAVEN
ne,Stavební chemie a sádra,Sádra bílá 1 kg modelářská Kittfort,8595030530013,25.0,1.0,5.0,3.0,62.0,85.0,5.0,Solvent ČR s.r.o.,Drogerie/Technické/PKS
podmíněně,"Domácnost (šňůry, kolíčky, věšáky, garnýže)",Skřipec záclonový PH BÍ 477308,8588002717376,6.0,44.0,0.0,22.0,109.0,73.0,0.0,"M.A.T. Group, s.r.o.",Drogerie/Drogerie/MAT
podmíněně,"Domácnost (šňůry, kolíčky, věšáky, garnýže)",Vědro stavební 12l ,8594057660789,49.0,0.0,11.0,5.5,223.0,118.0,5.0,FILÁK ŠENOV s.r.o.,Drogerie/Technické/Filák
podmíněně,"Domácnost (šňůry, kolíčky, věšáky, garnýže)","Věšák Romana 2, 30x 50mm Cr",8595105601396,65.0,10.0,0.0,5.0,227.0,50.0,10.0,"M.A.T. Group, s.r.o.",Drogerie/Drogerie/MAT
podmíněně,"Domácnost (šňůry, kolíčky, věšáky, garnýže)",Věšák ROMERO II. 30x32mm Cr,8595105604892,60.0,9.0,0.0,4.5,190.0,54.0,10.0,"M.A.T. Group, s.r.o.",Drogerie/Drogerie/MAT
podmíněně,"Domácnost (šňůry, kolíčky, věšáky, garnýže)",Háček PH BÍ,8590862053006,3.0,0.0,7.0,3.5,9.0,500.0,61.0,"M.A.T. Group, s.r.o.",Drogerie/Drogerie/MAT
podmíněně,"Domácnost (šňůry, kolíčky, věšáky, garnýže)",Sklapka magnetická 038 HN 523781,8590419526915,15.0,1.0,6.0,3.5,43.0,191.0,18.0,"M.A.T. Group, s.r.o.",Drogerie/Drogerie/MAT
podmíněně,"Domácnost (šňůry, kolíčky, věšáky, garnýže)","Magnet 850/26mm, ČER (12 ks)",8595004301977,109.0,1.0,6.0,3.5,288.0,65.0,0.0,"M.A.T. Group, s.r.o.",Drogerie/Drogerie/MAT
podmíněně,"Domácnost (šňůry, kolíčky, věšáky, garnýže)",vodiaci silon žaluzie,8584177000053,55.0,3.0,4.0,3.5,159.0,44.0,15.0,"Spájáme, s.r.o.",Drogerie/žaluzie
podmíněně,"Domácnost (šňůry, kolíčky, věšáky, garnýže)",magnety 10ks,8595097818673,50.5,1.0,5.0,3.0,116.0,166.0,9.0,JHPAP s.r.o.,Drogerie/Drogerie/JHPAP
podmíněně,"Domácnost (šňůry, kolíčky, věšáky, garnýže)",Magnet do skříněk,8590419478573,29.0,6.0,0.0,3.0,70.0,46.0,7.0,"M.A.T. Group, s.r.o.",Drogerie/Drogerie/MAT
podmíněně,"Domácnost (šňůry, kolíčky, věšáky, garnýže)",ovládacia stuha žalúzie biela,8584177000183,55.0,0.0,6.0,3.0,136.0,68.0,22.0,"Spájáme, s.r.o.",Drogerie/žaluzie
podmíněně,Domácí zavařování a uzení,Tlač.střeva 550x130 mm,8594179601455,32.0,5.0,5.0,5.0,130.0,53.0,8.0,Restart Company s.r.o.,Drogerie/Drogerie/Restart
podmíněně,Domácí zavařování a uzení,Špejle hrocené ,8594019800024,37.0,5.0,3.0,4.0,106.0,45.0,7.0,Solvent ČR s.r.o.,Drogerie/Drogerie/PKS
podmíněně,Domácí zavařování a uzení,Špejle uzenářské 100 ks,8594019800017,29.0,3.0,5.0,4.0,96.0,42.0,6.0,Solvent ČR s.r.o.,Drogerie/Drogerie/PKS
podmíněně,Domácí zavařování a uzení,Víčko na šroubky VUK 68 SK  malé,8595177519674,9.0,6.0,1.0,3.5,26.0,80.0,14.0,"MERTLÍK, spol. s r.o.",Drogerie/Elektro/Mertlík
podmíněně,Domácí zavařování a uzení,Víčko 10ks TWIST 82 závit  736081 i na MASO ZLATÉ,8594043200463,46.0,3.0,3.0,3.0,106.0,81.0,40.0,"M.A.T. Group, s.r.o.",Drogerie/Drogerie/MAT
podmíněně,Hygiena a papírové zboží,"Jumbo 19cm bílý , po 6 kusech Hostivař",8594059252814,39.0,0.0,36.0,18.0,532.0,88.0,6.0,"BARVY A LAKY HOSTIVAŘ, a.s.",Drogerie/Drogerie/BAL
podmíněně,Hygiena a papírové zboží,Ručníky šedé + zelené ZZ 1+1,3000000002025,45.0,30.0,0.0,15.0,279.0,100.0,1.0,Solvent ČR s.r.o.,Drogerie/Drogerie/PKS
podmíněně,Hygiena a papírové zboží,Harmasan 400 útržků,8584014010306,15.0,15.0,4.0,9.5,118.0,68.0,81.0,Solvent ČR s.r.o.,Drogerie/Drogerie/PKS
podmíněně,Hygiena a papírové zboží,Jumbo toal. papír 19cm LEPŠÍ Zachař,8594158375407,39.0,18.0,0.0,9.0,261.0,64.0,0.0,Petr Zachař,Drogerie/Drogerie/Zachař
podmíněně,Hygiena a papírové zboží,Štěpařský vosk 150g papír. Moudrý,8594021251944,89.0,4.0,8.0,6.0,434.0,58.0,0.0,BIOM s.r.o.,Drogerie/Drogerie/Biom
podmíněně,Hygiena a papírové zboží,Jumbo 190/120 1 vrstva,9783598216114,25.0,0.0,6.0,3.0,62.0,75.0,0.0,Vylistovat,Drogerie/Vylistovat
podmíněně,Hygiena a papírové zboží,Jumbo 190mm OBYČEJNÝ Zachař,8594158375308,28.0,6.0,0.0,3.0,69.0,64.0,15.0,Petr Zachař,Drogerie/Drogerie/Zachař
podmíněně,Hygiena a papírové zboží,Kapesníčky linteo 150ks krab.2 vrstvé,8594008878782,38.0,3.0,3.0,3.0,93.0,69.0,9.0,Petr Zachař,Drogerie/Drogerie/Zachař
podmíněně,Kabely a vodiče,"Vodič CYSY 3Gx1,5 ",2214063849133,31.0,0.0,144.0,72.0,1729.0,61.0,-18.0,"MERTLÍK, spol. s r.o.",Drogerie/Elektro/Mertlík
podmíněně,Kabely a vodiče,"Cyky 3x2,5 úložný kabel žz-m-hn cena za metr",9783598215568,38.0,62.0,36.0,49.0,1515.0,54.0,79.5,"MERTLÍK, spol. s r.o.",Drogerie/Elektro/Mertlík
podmíněně,Kabely a vodiče,"Vodič CYSY 2G X1 HO5VV - F, cena za metr",6426210000243,17.0,16.0,50.0,33.0,443.0,74.0,63.5,"MERTLÍK, spol. s r.o.",Drogerie/Elektro/Mertlík
podmíněně,Kabely a vodiče,"Cyky 3Jx1,5 kulatý",8595067500294,28.0,17.0,43.0,30.0,679.0,86.0,105.0,"MERTLÍK, spol. s r.o.",Drogerie/Elektro/Mertlík
podmíněně,Kabely a vodiče,"Dvojlinka nestíněná 2x0,75mm bílá, 100m",8595025309228,15.7,32.0,11.0,21.5,280.0,37.0,53.0,EMOS spol. s r.o.,Drogerie/Elektro/Emos
podmíněně,Kabely a vodiče,Husí krk Kopos 2316/LPE-2 bílý,8596067603664,16.0,0.0,32.0,16.0,212.0,55.0,0.0,"MERTLÍK, spol. s r.o.",Drogerie/Elektro/Mertlík
podmíněně,Kabely a vodiče,"Dvojlinka nestíněná 2x0,50mm černo/rudá, 100m",8595025309181,15.0,16.0,16.0,16.0,188.0,69.0,37.0,EMOS spol. s r.o.,Drogerie/Elektro/Emos
podmíněně,Kabely a vodiče,Vodič CYSY 3Gx1 H05VV-F,6426210000281,21.0,23.0,0.0,11.5,200.0,60.0,32.0,"MERTLÍK, spol. s r.o.",Drogerie/Elektro/Mertlík
podmíněně,Kabely a vodiče,Husí krk Kopos 2323/LPE -2 bílý,8595057603660,26.0,19.0,0.0,9.5,204.0,56.0,120.0,"MERTLÍK, spol. s r.o.",Drogerie/Elektro/Mertlík
podmíněně,Kabely a vodiče,"Vodič Cysy  5x1,5 silová šnúra 300/500V  cena za metr",1000000005141,47.0,0.0,14.0,7.0,272.0,85.0,0.0,"MERTLÍK, spol. s r.o.",Drogerie/Elektro/Mertlík
podmíněně,Kabely a vodiče,"Vodič Cysy 5x2,5 silová šnúra 300/500V žz-m-hn cena za metr",8430220153316,86.0,14.0,0.0,7.0,498.0,70.0,54.5,"MERTLÍK, spol. s r.o.",Drogerie/Elektro/Mertlík
podmíněně,Kabely a vodiče,Husí krk na ven 130-020  černý UV balík 25m/ cena za metr,4013960302448,36.0,2.0,6.0,4.0,110.0,53.0,25.0,"MERTLÍK, spol. s r.o.",Drogerie/Elektro/Mertlík
podmíněně,Kabely a vodiče,"Kabel cyky 5x2,5 cena za metr GUMA",8595067501260,95.0,7.0,0.0,3.5,275.0,60.0,23.0,"MERTLÍK, spol. s r.o.",Drogerie/Elektro/Mertlík
podmíněně,"Klíče, zámky, kroužky",Rozlišovač klíčů,8595071800250,3.0,20.0,29.0,24.5,60.0,206.0,277.0,"M.A.T. Group, s.r.o.",Drogerie/Drogerie/MAT
podmíněně,"Klíče, zámky, kroužky",Kroužek na drůbež originál,8595129102527,8.0,14.0,21.0,17.5,116.0,54.0,34.0,"M.A.T. Group, s.r.o.",Drogerie/Drogerie/MAT
podmíněně,"Klíče, zámky, kroužky","Kroužek na klíč 25 x 1,8mm",8596221151833,4.0,5.0,18.0,11.5,30.0,326.0,179.0,"M.A.T. Group, s.r.o.",Drogerie/Drogerie/MAT
podmíněně,"Klíče, zámky, kroužky","Rozlišovač popisný, na klúč, mix barev",8584163061952,4.0,22.0,0.0,11.0,36.0,231.0,202.0,SLOVAKIA TREND EXPORT-IMPORT s. r. o,Drogerie/Drogerie/Strend
podmíněně,"Klíče, zámky, kroužky","Kroužek na klíč 18 x 1,5mm",8596221151796,2.5,9.0,8.0,8.5,18.0,331.0,276.0,"M.A.T. Group, s.r.o.",Drogerie/Drogerie/MAT
podmíněně,"Klíče, zámky, kroužky",Kroužek na klíč 30x 2mm,8596221151857,4.5,10.0,5.0,7.5,28.0,278.0,114.0,"M.A.T. Group, s.r.o.",Drogerie/Drogerie/MAT
podmíněně,"Klíče, zámky, kroužky",visačka na klíče s žetonem 350053,8595071800304,10.0,6.0,3.0,4.5,37.0,55.0,63.0,"M.A.T. Group, s.r.o.",Drogerie/Drogerie/MAT
podmíněně,Papírnictví a psací potřeby,popisovač černý- 2846,8595013612309,14.0,16.0,16.0,16.0,183.0,56.0,25.0,JHPAP s.r.o.,Drogerie/Drogerie/JHPAP
podmíněně,Papírnictví a psací potřeby,Popisovač 2634 černý voděodolný,8595013624807,22.0,10.0,6.0,8.0,139.0,52.0,10.0,JHPAP s.r.o.,Drogerie/Drogerie/JHPAP
podmíněně,Papírnictví a psací potřeby,Popisovač černý 8566,8595013615522,26.0,5.0,8.0,6.5,137.0,54.0,8.0,JHPAP s.r.o.,Drogerie/Drogerie/JHPAP
podmíněně,Papírnictví a psací potřeby,Popisovač modrý 2846,8595013612286,14.0,4.0,7.0,5.5,63.0,56.0,12.0,JHPAP s.r.o.,Drogerie/Drogerie/JHPAP
podmíněně,Papírnictví a psací potřeby,Sáček celofánový120x255,9785598216163,6.0,0.0,10.0,5.0,25.0,130.0,10.0,JHPAP s.r.o.,Drogerie/Drogerie/JHPAP
podmíněně,Papírnictví a psací potřeby,Popisovač 2846 červený,8595013612279,14.0,2.0,6.0,4.0,45.0,56.0,1.0,JHPAP s.r.o.,Drogerie/Drogerie/JHPAP
podmíněně,Papírnictví a psací potřeby,Popisovač syntetický obyč. barvy,8888299842158,77.0,2.0,4.0,3.0,188.0,55.0,4.0,Z - TRADE s. r. o.,Drogerie/Drogerie/Z-trade
podmíněně,Ruční nářadí a měřidla,Metr svinovací 5m,8590804020462,99.0,9.0,9.0,9.0,709.0,61.0,5.0,EURO NÁŘADÍ s.r.o.,Drogerie/Technické/Euronářadí
podmíněně,Ruční nářadí a měřidla,nůž odlamovací L25 18mm 16145 festa kovový,8590804024361,89.0,4.0,9.0,6.5,461.0,70.0,0.0,EURO NÁŘADÍ s.r.o.,Drogerie/Technické/Euronářadí
podmíněně,Ruční nářadí a měřidla,"Kartáč 5ti řadý ocelový, plast 300 mm",8590804022541,68.0,2.0,8.0,5.0,278.0,76.0,3.0,EURO NÁŘADÍ s.r.o.,Drogerie/Technické/Euronářadí
podmíněně,Ruční nářadí a měřidla,Náhrady velké čepele 18 mm - 10 ks,8590804010326,22.0,3.0,6.0,4.5,76.0,129.0,16.0,EURO NÁŘADÍ s.r.o.,Drogerie/Technické/Euronářadí
podmíněně,Ruční nářadí a měřidla,"Čepelky náhradní 18/ 0,5 mm, 10 ks, FESTA",8590804038986,64.0,6.0,2.0,4.0,209.0,92.0,12.0,EURO NÁŘADÍ s.r.o.,Drogerie/Technické/Euronářadí
podmíněně,Ruční nářadí a měřidla,"FARMOSA RAN 18mm, 10x ostří 30553",9002588305530,55.0,6.0,1.0,3.5,159.0,51.0,1.0,Schuller Eh'klar s.r.o.,Drogerie/Technické/Schuller
podmíněně,Ruční nářadí a měřidla,Konnoc H-K2010021 zavírací nůž nerez,8594026149949,163.0,1.0,6.0,3.5,454.0,36.0,6.0,JAROMÍR HUTLA - BATTERY CENTER s. r. o.,Drogerie/Elektro/Hutla
podmíněně,Ruční nářadí a měřidla,Lakovací sada 10cm nylon,9002588191300,59.0,3.0,3.0,3.0,146.0,63.0,6.0,Schuller Eh'klar s.r.o.,Drogerie/Technické/Schuller
podmíněně,Ruční nářadí a měřidla,Metr svinovací 10m x 25mm CE 111110,8590804020486,183.0,4.0,2.0,3.0,454.0,43.0,4.0,EURO NÁŘADÍ s.r.o.,Drogerie/Technické/Euronářadí
podmíněně,Ruční nářadí a měřidla,Sada štětců eko bio rácio,5902578472898,83.0,3.0,3.0,3.0,203.0,50.0,5.0,"M.A.T. Group, s.r.o.",Drogerie/Drogerie/MAT
podmíněně,Spojovací materiál,"Šroub do plechu se zápustnou hlavou 2,9x13 PH ZB DIN 7982C závit celý",8591530175167,0.4,22.0,52.0,37.0,12.0,700.0,350.0,Hašpl a.s.,Drogerie/Technické/Hašpl
podmíněně,Spojovací materiál,"Šroub do plechu se zápustnou hlavou 2,9x9,5 PH ZB DIN 7982C závit celý",8591530175150,0.3,20.0,0.0,10.0,2.0,0.0,222.0,Hašpl a.s.,Drogerie/Technické/Hašpl
podmíněně,Spojovací materiál,"Chemická kotva- Perdix-909 , polyesterová 165ml",8591256049988,165.0,4.0,3.0,3.5,463.0,52.0,7.0,DISTRIMO s.r.o.,Drogerie/Technické/Distrimo
podmíněně,Spojovací materiál,"Chemická kotva polyester SILCO, 300ml",8594161050933,219.0,2.0,4.0,3.0,543.0,64.0,6.0,EURO NÁŘADÍ s.r.o.,Drogerie/Technické/Euronářadí
podmíněně,Velikonoční a sezónní zboží,Barvy na vejce v prášku 5 barev,8592001361126,12.0,0.0,18.0,9.0,102.0,91.0,0.0,Solvent ČR s.r.o.,Drogerie/Drogerie/PKS
podmíněně,Velikonoční a sezónní zboží,Obtisky OVO tradiční 1ks,8594825003299,19.0,3.0,8.0,5.5,85.0,58.0,-1.0,Solvent ČR s.r.o.,Drogerie/Drogerie/PKS
podmíněně,Velikonoční a sezónní zboží,Ovo velikonoční barva červená,8594825003176,13.0,0.0,6.0,3.0,32.0,50.0,0.0,Solvent ČR s.r.o.,Drogerie/Drogerie/PKS
podmíněně,Ředidla a technická chemie,"Ředidlo S6006 0,7L ",8591235071177,85.0,20.0,21.0,20.5,1433.0,71.0,24.0,"BARVY A LAKY HOSTIVAŘ, a.s.",Drogerie/Technické/BAL
podmíněně,Ředidla a technická chemie,"Ředidlo S6005 0,7L ",8591235071153,95.0,7.0,17.0,12.0,942.0,92.0,33.0,"BARVY A LAKY HOSTIVAŘ, a.s.",Drogerie/Technické/BAL
podmíněně,Ředidla a technická chemie,HCl 1l kyselina solná,8594027220616,69.0,8.0,9.0,8.5,483.0,54.0,11.0,Petr Turek,Drogerie/Drogerie/Turek
podmíněně,Ředidla a technická chemie,"Nitroředidlo C6000 UH 0,7 litr ",8595073026900,95.0,6.0,11.0,8.5,664.0,70.0,7.0,"BARVY A LAKY HOSTIVAŘ, a.s.",Drogerie/Technické/BAL
podmíněně,Ředidla a technická chemie,líh technický 700ml,8591235071115,98.0,0.0,14.0,7.0,514.0,90.0,12.0,"BARVY A LAKY HOSTIVAŘ, a.s.",Drogerie/Technické/BAL
podmíněně,Ředidla a technická chemie,Kyselina citronová 100g,8591235095197,22.0,11.0,1.0,6.0,111.0,41.0,68.0,"BARVY A LAKY HOSTIVAŘ, a.s.",Drogerie/Drogerie/BAL
podmíněně,Ředidla a technická chemie,"Technický benzín 0,7L plast Host. - se spotřební daní !!!",8591235071054,99.0,6.0,5.0,5.5,442.0,61.0,15.0,"BARVY A LAKY HOSTIVAŘ, a.s.",Drogerie/Technické/BAL
podmíněně,Ředidla a technická chemie,Ředidlo 420ml 6001,8595009241407,39.0,5.0,4.0,4.5,145.0,91.0,6.0,Solvent ČR s.r.o.,Drogerie/Technické/PKS
podmíněně,Ředidla a technická chemie,White Spirit Lakový benzín 700ml 1+1,8595009250133,109.0,7.0,1.0,4.0,205.0,431.0,13.0,Solvent ČR s.r.o.,Drogerie/Technické/PKS
podmíněně,Ředidla a technická chemie,Louh - hydroxid sodný 1 kg tekutý,8595030511784,95.0,4.0,4.0,4.0,314.0,52.0,0.0,Solvent ČR s.r.o.,Drogerie/Drogerie/PKS
podmíněně,Ředidla a technická chemie,Bílá vazelina 400ml TECTANE,4001587020050,195.0,2.0,6.0,4.0,637.0,55.0,3.0,Den Braven Czech and Slovak a.s.,Drogerie/Technické/DEN BRAVEN
podmíněně,Ředidla a technická chemie,Ředidlo S6300  700ml,8595009240769,75.0,4.0,3.0,3.5,215.0,141.0,11.0,Solvent ČR s.r.o.,Drogerie/Technické/PKS
podmíněně,Ředidla a technická chemie,HG odstraňovač nálepek 300 ml,8711577015183,179.0,4.0,2.0,3.0,444.0,48.0,5.0,European Aerosols s.r.o.,Drogerie/Drogerie/HG
podmíněně,Ředidla a technická chemie,"Odrezovač nový 3 násobně účinný 0,5 litr",8590281201132,112.0,6.0,0.0,3.0,278.0,57.0,8.0,"BARVY A LAKY HOSTIVAŘ, a.s.",Drogerie/Technické/BAL
